,CustomerID,Gender,Age,Annual Income ($),Spending Score (1-100),Profession,Work Experience,Family Size,Annual Income (â‚¹)
0,1,M,19,15000,39,Healthcare,1,4,$15000
1,2,Male,21,35000,81,Engineer,3,3,$35000
2,3,Female,20,86000,6,Engineer,1,1,$86000
3,4,Female,23,59000,77,Lawyer,0,2,$59000
4,5,Female,31,38000,40,Entertainment,2,6,$38000
5,6,Female,22,58000,76,Artist,0,2,$58000
6,7,Female,35,31000,6,Healthcare,1,3,$31000
7,8,Female,23,84000,94,Healthcare,1,3,$84000
8,9,Male,64,97000,3,Engineer,0,3,$97000
9,10,F,30,98000,72,Artist,1,4,$98000
10,11,Male,67,7000,14,Engineer,1,3,$7000
11,12,F,35,93000,99,Healthcare,4,4,$93000
12,13,F,58,80000,15,Executive,0,5,$80000
13,14,F,24,91000,77,Lawyer,1,1,$91000
14,15,MAle,37,19000,13,Doctor,0,1,$19000
15,16,Male,22,51000,79,Healthcare,1,2,$51000
16,17,Female,35,29000,35,Homemaker,9,5,$29000
17,18,Male,20,89000,66,Healthcare,1,6,$89000
18,19,Male,52,20000,29,Entertainment,1,4,$20000
19,20,Female,35,62000,98,Artist,0,1,$62000
20,21,MAle,35,96000,35,Homemaker,12,1,$96000
21,22,Male,25,4000,73,Healthcare,3,4,$4000
22,23,Female,46,42000,5,Artist,13,2,$42000
23,24,Male,31,71000,73,Artist,5,2,$71000
24,25,Female,54,67000,14,Executive,1,3,$67000
25,26,Male,29,52000,82,Artist,1,3,$52000
26,27,Female,45,68000,32,Healthcare,9,8,$68000
27,28,Male,35,78000,61,Artist,1,3,$78000
28,29,Female,40,18000,31,Artist,0,1,$18000
29,30,Female,23,20000,87,Artist,5,4,$20000
30,31,Male,60,39000,4,Artist,0,3,$39000
31,32,Female,21,34000,73,Doctor,1,2,$34000
32,33,Male,53,59000,4,Healthcare,1,3,$59000
33,34,Male,18,62000,92,Homemaker,9,7,$62000
34,35,Female,49,91000,14,Lawyer,1,2,$91000
35,36,Female,21,95000,81,Healthcare,3,4,$95000
36,37,Female,42,14000,17,Doctor,5,1,$14000
37,38,Female,30,62000,73,Healthcare,1,5,$62000
38,39,Female,36,9000,26,Artist,8,2,$9000
39,40,Female,20,69000,75,Artist,8,2,$69000
40,41,Female,65,25000,35,Artist,4,1,$25000
41,42,Male,24,85000,92,Healthcare,0,2,$85000
42,43,Male,48,22000,36,Artist,14,3,$22000
43,44,Female,31,33000,61,Artist,1,2,$33000
44,45,Female,49,72000,28,Engineer,8,1,$72000
45,46,Female,24,3000,65,Lawyer,4,2,$3000
46,47,Female,50,52000,55,Artist,0,4,$52000
47,48,Female,27,71000,47,Healthcare,12,1,$71000
48,49,Female,29,78000,42,Healthcare,0,4,$78000
49,50,Female,31,25000,42,Engineer,1,1,$25000
50,51,Female,49,88000,52,Artist,1,2,$88000
51,52,Male,33,97000,60,Artist,1,2,$97000
52,53,FEMALE,31,74000,54,Artist,1,1,$74000
53,54,Male,59,68000,60,Entertainment,0,2,$68000
54,55,Female,50,18000,45,Marketing,1,1,$18000
55,56,Male,47,95000,41,Artist,14,2,$95000
56,57,Female,51,71000,50,Healthcare,9,4,$71000
57,58,Male,69,8000,46,Doctor,8,2,$8000
58,59,Female,27,57000,51,Artist,1,3,$57000
59,60,Male,53,89000,46,Lawyer,1,6,$89000
60,61,Male,70,84000,56,Artist,0,2,$84000
61,62,Male,19,50000,55,Artist,9,2,$50000
62,63,Female,67,50000,52,Lawyer,0,3,$50000
63,64,Female,54,48000,59,Lawyer,1,2,$48000
64,65,Male,63,63000,51,Lawyer,7,2,$63000
65,66,Male,18,9000,59,Entertainment,0,2,$9000
66,67,Female,43,3000,50,Doctor,0,2,$3000
67,68,Feml,68,82000,48,Artist,8,4,$82000
68,69,MAle,19,81000,59,Artist,0,4,$81000
69,70,FEMALE,32,97000,47,Homemaker,2,2,$97000
70,71,MAle,70,91000,55,Healthcare,8,2,$91000
71,72,Female,47,9000,42,Entertainment,8,2,$9000
72,73,Female,60,44000,49,Artist,0,5,$44000
73,74,Female,60,10000,56,Healthcare,8,4,$10000
74,75,Male,59,89000,47,Artist,0,4,$89000
75,76,Male,26,49000,54,Homemaker,0,3,$49000
76,77,Female,45,67000,53,Doctor,0,2,$67000
77,78,Male,40,99000,48,Artist,4,3,$99000
78,79,Female,23,97000,52,Engineer,2,2,$97000
79,80,Female,49,98000,42,,1,1,$98000
80,81,Male,57,52000,51,Healthcare,0,4,$52000
81,82,Male,38,61000,55,Healthcare,6,3,$61000
82,83,Male,67,120000,41,Artist,8,1,$120000
83,84,Female,46,34000,44,Entertainment,8,4,$34000
84,85,Female,21,24000,57,Marketing,1,3,$24000
85,86,MALE,48,31000,46,Healthcare,7,5,$31000
86,87,FEMALE,55,11000,58,Artist,0,3,$11000
87,88,FEMALE,22,55000,55,Artist,5,2,$55000
88,89,Female,34,76000,60,Entertainment,7,3,$76000
89,90,FEMALE,50,56000,46,Doctor,0,2,$56000
90,91,Female,68,46000,55,Entertainment,0,3,$46000
91,92,Male,18,36000,41,Artist,1,4,$36000
92,93,Male,48,88000,49,Artist,1,2,$88000
93,94,Female,40,31000,40,Entertainment,1,2,$31000
94,95,Female,32,24000,42,Artist,0,1,$24000
95,96,Male,24,80000,52,Artist,10,1,$80000
96,97,Female,47,2000,47,Artist,0,1,$2000
97,98,Female,27,67000,50,Artist,0,2,$67000
98,99,Male,48,58000,42,Doctor,1,2,$58000
99,100,Male,20,80000,49,Engineer,3,3,$80000
100,101,Female,23,65000,41,Artist,0,4,$65000
101,102,Female,49,4000,48,Executive,1,7,$4000
102,103,Male,67,98000,59,Artist,0,3,$98000
103,104,MALE,26,52000,55,Executive,0,5,$52000
104,105,Male,49,86000,56,Healthcare,10,2,$86000
105,106,Female,21,82000,42,Doctor,1,2,$82000
106,107,Female,66,43000,50,Homemaker,3,2,$43000
107,108,MALE,54,78000,46,Lawyer,1,1,$78000
108,109,Male,68,13000,43,Healthcare,6,5,$13000
109,110,Male,66,13000,48,Healthcare,9,3,$13000
110,111,MALE,65,34000,52,Entertainment,4,4,$34000
111,112,Female,19,25000,54,Artist,0,1,$25000
112,113,Female,38,71000,42,Doctor,1,5,$71000
113,114,Male,19,2000,46,Artist,1,1,$2000
114,115,Female,18,97000,48,Executive,0,3,$97000
115,116,Female,19,51000,50,Executive,8,4,$51000
116,117,Female,63,9000,43,Lawyer,1,1,$9000
117,118,Female,49,79000,59,Artist,0,2,$79000
118,119,Female,51,84000,43,,2,7,$84000
119,120,Female,50,87000,57,Artist,1,2,$87000
120,121,Male,27,36000,56,Executive,0,3,$36000
121,122,Female,38,50000,40,Executive,1,4,$50000
122,123,Female,40,97000,58,Engineer,9,4,$97000
123,124,Male,39,6000,91,Healthcare,1,3,$6000
124,125,Female,23,12000,29,Entertainment,9,2,$12000
125,126,Female,31,46000,77,Marketing,1,2,$46000
126,127,Male,43,89000,35,Engineer,0,7,$89000
127,128,Male,40,4000,95,Artist,0,2,$4000
128,129,Male,59,38000,11,Engineer,0,2,$38000
129,130,Male,38,64000,75,Entertainment,8,5,$64000
130,131,Male,47,66000,9,Executive,9,5,$66000
131,132,Male,39,26000,75,Lawyer,0,2,$26000
132,133,Female,25,41000,34,Healthcare,6,4,$41000
133,134,Female,31,45000,71,Artist,5,1,$45000
134,135,Male,20,89000,5,Engineer,1,2,$89000
135,136,Female,29,92000,88,Executive,5,5,$92000
136,137,Female,44,76000,7,Artist,5,2,$76000
137,138,Male,32,85000,73,Artist,3,4,$85000
138,139,Male,19,22000,10,Marketing,8,4,$22000
139,140,Female,35,15000,72,Artist,4,4,$15000
140,141,Female,57,32000,5,Engineer,0,2,$32000
141,142,Male,32,66000,93,Artist,0,5,$66000
142,143,Female,28,62000,40,Doctor,5,3,$62000
143,144,Female,32,85000,87,Lawyer,1,2,$85000
144,145,Male,25,71000,12,Engineer,0,5,$71000
145,146,Male,28,26000,97,Marketing,8,5,$26000
146,147,Male,48,52000,36,Engineer,9,2,$52000
147,148,Female,32,38000,74,Lawyer,1,1,$38000
148,149,Female,34,51000,22,Healthcare,7,4,$51000
149,150,Male,34,90000,90,Artist,6,3,$90000
150,151,Male,43,30000,17,Lawyer,0,9,$30000
151,152,Male,39,41000,88,Engineer,0,1,$41000
152,153,Female,44,17000,20,Engineer,0,2,$17000
153,154,Female,38,92000,76,Artist,2,2,$92000
154,155,Female,47,80000,16,Healthcare,0,4,$80000
155,156,Female,27,10000,89,Marketing,8,4,$10000
156,157,Male,37,16000,1,Executive,1,1,$16000
157,158,Female,30,87000,78,Artist,3,4,$87000
158,159,Male,34,66000,1,Lawyer,1,2,$66000
159,160,Female,30,86000,73,Artist,3,3,$86000
160,161,Female,56,9000,35,Artist,1,1,$9000
161,162,Female,29,50000,83,Healthcare,1,5,$50000
162,163,Male,19,35000,5,Executive,0,5,$35000
163,164,Female,31,58000,93,Healthcare,1,5,$58000
164,165,Male,50,47000,26,Doctor,0,2,$47000
165,166,Female,36,54000,75,Artist,5,3,$54000
166,167,Male,42,79000,20,Homemaker,9,3,$79000
167,168,Female,33,83000,95,Artist,0,5,$83000
168,169,Female,36,57000,27,Artist,0,3,$57000
169,170,Male,32,0,63,Artist,2,2,$0
170,171,Male,40,69000,13,Artist,3,5,$69000
171,172,Male,28,4000,75,Executive,0,2,$4000
172,173,Male,36,79000,10,Lawyer,0,2,$79000
173,174,Male,36,99000,92,Artist,5,2,$99000
174,175,Female,52,20000,13,Lawyer,0,2,$20000
175,176,Female,30,28000,86,Artist,3,4,$28000
176,177,Male,58,29000,15,Engineer,11,1,$29000
177,178,Male,27,45000,69,Healthcare,2,6,$45000
178,179,Male,59,86000,14,Healthcare,4,3,$86000
179,180,Male,35,42000,90,Engineer,8,1,$42000
180,181,Female,37,59000,32,Artist,7,2,$59000
181,182,Female,32,61000,86,Entertainment,7,5,$61000
182,183,Male,46,11000,15,Artist,7,1,$11000
183,184,Female,29,66000,88,Artist,4,4,$66000
184,185,Female,41,39000,39,Artist,1,1,$39000
185,186,Male,30,72000,97,Artist,6,2,$72000
186,187,Female,54,14000,24,Lawyer,1,2,$14000
187,188,Male,28,44000,68,Doctor,5,3,$44000
188,189,Female,41,76000,17,Engineer,8,2,$76000
189,190,Female,36,95000,85,Artist,4,2,$95000
190,191,Female,34,92000,23,Artist,5,3,$92000
191,192,Female,32,98000,69,Artist,8,2,$98000
192,193,Male,33,96000,8,Executive,9,2,$96000
193,194,Female,38,45000,91,Artist,10,4,$45000
194,195,Female,47,8000,16,Artist,7,2,$8000
195,196,Female,35,46000,79,Executive,1,3,$46000
196,197,Female,45,78000,28,Artist,0,2,$78000
197,198,Male,32,4000,74,Artist,1,5,$4000
198,199,Male,32,81000,18,Executive,1,2,$81000
199,200,Male,30,33000,83,Artist,4,2,$33000
200,201,Female,21,40000,10,Healthcare,0,3,$40000
201,202,Male,34,85000,16,Healthcare,9,3,$85000
202,203,Female,16,60000,0,Engineer,6,8,$60000
203,204,Female,76,60000,39,Healthcare,4,2,$60000
204,205,Female,62,63000,59,Entertainment,0,2,$63000
205,206,Female,63,10000,52,Healthcare,8,3,$10000
206,207,Female,19,55000,61,Healthcare,0,3,$55000
207,208,Male,46,93000,12,Artist,2,1,$93000
208,209,Female,48,15000,7,Doctor,0,2,$15000
209,210,Female,80,39000,33,Engineer,9,4,$39000
210,211,Female,1,57000,93,Engineer,1,2,$57000
211,212,Female,0,22000,92,Artist,2,1,$22000
212,213,Male,86,12000,70,Marketing,2,4,$12000
213,214,Male,49,50000,82,Lawyer,8,1,$50000
214,215,Male,48,95000,68,Doctor,2,4,$95000
215,216,Female,46,66000,70,Healthcare,3,3,$66000
216,217,Male,79,20000,40,Doctor,6,2,$20000
217,218,Female,83,35000,99,Doctor,8,2,$35000
218,219,Female,66,71000,34,Executive,9,2,$71000
219,220,Female,59,76000,61,,9,1,$76000
220,221,Female,39,84000,33,Artist,5,3,$84000
221,222,Female,95,72000,51,Engineer,4,2,$72000
222,223,Male,43,33000,55,Artist,4,3,$33000
223,224,Female,93,93000,37,Healthcare,1,5,$93000
224,225,Female,40,83000,48,Homemaker,4,1,$83000
225,226,Female,78,23000,8,Engineer,1,1,$23000
226,227,Female,25,40000,77,Artist,5,4,$40000
227,228,Male,76,89000,86,Healthcare,9,4,$89000
228,229,Male,0,33000,64,Marketing,1,1,$33000
229,230,Male,15,94000,30,Healthcare,7,2,$94000
230,231,Female,6,93000,53,Lawyer,8,2,$93000
231,232,Male,84,7000,28,Healthcare,0,4,$7000
232,233,Female,67,18000,88,Lawyer,0,2,$18000
233,234,Female,78,3000,14,Healthcare,0,4,$3000
234,235,Female,4,84000,54,Artist,9,1,$84000
235,236,Female,29,62000,34,Healthcare,0,4,$62000
236,237,Male,91,9000,96,Healthcare,1,5,$9000
237,238,Male,95,36000,35,,0,4,$36000
238,239,Male,55,37000,74,Lawyer,1,4,$37000
239,240,Female,14,50000,11,Artist,1,2,$50000
240,241,Male,92,83000,16,Executive,1,5,$83000
241,242,Female,65,79000,17,Artist,0,3,$79000
242,243,Female,84,40000,14,Healthcare,1,4,$40000
243,244,Female,77,47000,58,Artist,0,6,$47000
244,245,Female,53,4000,20,Artist,0,4,$4000
245,246,Female,28,38000,75,Entertainment,7,2,$38000
246,247,Male,23,0,96,Doctor,1,3,$0
247,248,Female,32,7000,16,Artist,1,2,$7000
248,249,Female,37,41000,2,Artist,1,2,$41000
249,250,Female,89,65000,0,Engineer,0,5,$65000
250,251,Male,80,20000,93,Engineer,1,3,$20000
251,252,Female,27,44000,65,Doctor,8,1,$44000
252,253,Female,78,3000,14,Artist,5,4,$3000
253,254,Female,86,72000,13,Lawyer,7,3,$72000
254,255,Female,46,27000,32,Engineer,4,4,$27000
255,256,Male,59,85000,49,Lawyer,4,2,$85000
256,257,Male,12,38000,18,Executive,10,1,$38000
257,258,Male,79,73000,96,Homemaker,6,7,$73000
258,259,Female,79,64000,64,Artist,2,3,$64000
259,260,Male,26,26000,60,Executive,6,4,$26000
260,261,Female,63,47000,16,Artist,2,3,$47000
261,262,Female,52,35000,85,Doctor,2,6,$35000
262,263,Female,32,31000,24,Lawyer,2,3,$31000
263,264,Female,64,13000,38,Engineer,3,4,$13000
264,265,Female,37,79000,10,Homemaker,1,7,$79000
265,266,Male,7,82000,39,Entertainment,2,2,$82000
266,267,Female,40,28000,68,Artist,1,1,$28000
267,268,Female,78,36000,79,Artist,0,3,$36000
268,269,Female,34,8000,76,Entertainment,6,6,$8000
269,270,Female,52,88000,39,Artist,1,2,$88000
270,271,Male,94,91000,36,Entertainment,0,4,$91000
271,272,Female,1,12000,82,Doctor,0,3,$12000
272,273,Female,96,1000,76,Entertainment,0,3,$1000
273,274,Female,18,143000,99,Artist,0,2,$143000
274,275,Female,37,18000,57,Artist,1,2,$18000
275,276,Male,78,65000,89,Lawyer,1,2,$65000
276,277,Male,16,9000,88,Executive,7,4,$9000
277,278,Male,93,95000,21,Artist,1,1,$95000
278,279,Female,74,78000,12,Engineer,9,3,$78000
279,280,Male,68,48000,73,Healthcare,3,3,$48000
280,281,Female,32,63000,87,Executive,1,4,$63000
281,282,Female,43,85000,63,Marketing,1,2,$85000
282,283,Female,52,43000,58,Artist,1,3,$43000
283,284,Female,63,74000,20,Artist,1,2,$74000
284,285,Female,33,67000,11,Healthcare,0,1,$67000
285,286,Male,86,59000,40,Artist,0,1,$59000
286,287,Female,85,140000,84,Entertainment,1,1,$140000
287,288,Female,73,31000,47,Healthcare,1,2,$31000
288,289,Female,21,5000,91,Marketing,0,1,$5000
289,290,Female,93,19000,58,Engineer,1,3,$19000
290,291,Male,9,27000,62,Entertainment,7,1,$27000
291,292,Female,10,68000,80,Doctor,6,3,$68000
292,293,Male,11,38000,66,Artist,8,8,$38000
293,294,Female,48,50000,36,Engineer,6,4,$50000
294,295,Female,73,80000,73,Entertainment,2,2,$80000
295,296,Female,66,69000,43,Executive,9,3,$69000
296,297,Female,79,31000,91,Engineer,3,3,$31000
297,298,Male,62,87000,41,Doctor,6,2,$87000
298,299,Male,17,79000,16,Artist,1,3,$79000
299,300,Male,32,32000,86,Entertainment,5,2,$32000
300,301,Male,85,153787,100,Entertainment,3,3,$153787
301,302,Male,31,95851,16,Healthcare,5,2,$95851
302,303,Female,31,145015,73,Healthcare,6,3,$145015
303,304,Female,38,148539,7,Healthcare,5,2,$148539
304,305,Female,90,117319,21,Lawyer,1,2,$117319
305,306,Female,65,180243,26,Marketing,6,2,$180243
306,307,Female,63,165052,12,Artist,4,2,$165052
307,308,Female,61,120487,14,Doctor,0,2,$120487
308,309,Male,26,112766,83,Engineer,8,4,$112766
309,310,Female,17,156488,65,Engineer,1,4,$156488
310,311,Male,56,97562,15,Executive,5,6,$97562
311,312,Female,12,77501,30,Engineer,5,4,$77501
312,313,Female,24,118302,100,Lawyer,5,1,$118302
313,314,Female,13,64277,9,Executive,9,4,$64277
314,315,Male,12,53927,77,Doctor,2,3,$53927
315,316,Male,72,93921,93,Lawyer,9,2,$93921
316,317,Female,54,132046,8,Homemaker,4,4,$132046
317,318,Male,45,183217,91,Artist,7,2,$183217
318,319,Male,66,182937,44,Marketing,8,1,$182937
319,320,Female,27,68272,56,Healthcare,8,4,$68272
320,321,Male,36,69841,21,Engineer,10,2,$69841
321,322,Male,5,69078,60,Lawyer,13,1,$69078
322,323,Female,89,110667,100,Healthcare,2,4,$110667
323,324,Male,13,95469,94,Doctor,6,1,$95469
324,325,Female,91,102861,40,Artist,4,1,$102861
325,326,Male,16,133551,7,Artist,3,1,$133551
326,327,Female,63,64589,90,Engineer,7,1,$64589
327,328,Male,52,152755,39,Engineer,4,2,$152755
328,329,Female,37,92313,58,Healthcare,1,5,$92313
329,330,Female,78,98922,2,Artist,2,3,$98922
330,331,Male,24,165846,33,Engineer,0,4,$165846
331,332,Female,4,93713,62,Engineer,3,4,$93713
332,333,Male,84,137641,67,Healthcare,0,5,$137641
333,334,Male,0,173743,96,Artist,0,4,$173743
334,335,Female,67,116126,58,Entertainment,10,2,$116126
335,336,Female,32,112246,30,Healthcare,8,3,$112246
336,337,Female,39,69384,75,Healthcare,1,5,$69384
337,338,Female,68,76529,62,Healthcare,0,2,$76529
338,339,Female,7,123804,28,Doctor,14,1,$123804
339,340,Female,76,68292,55,Artist,8,2,$68292
340,341,Female,84,173185,99,Artist,3,1,$173185
341,342,Male,75,142034,82,Entertainment,1,4,$142034
342,343,Male,22,107941,61,Artist,0,1,$107941
343,344,Female,90,149840,61,Engineer,1,1,$149840
344,345,Female,4,148431,99,Healthcare,1,8,$148431
345,346,Female,78,126599,84,Lawyer,0,3,$126599
346,347,Female,58,57180,22,Healthcare,9,1,$57180
347,348,Female,99,184426,41,Artist,9,1,$184426
348,349,Female,24,151085,39,Marketing,2,5,$151085
349,350,Female,88,166107,98,Artist,13,4,$166107
350,351,Female,92,67850,91,Artist,9,4,$67850
351,352,Male,99,173394,4,Engineer,13,1,$173394
352,353,Female,51,72303,98,Lawyer,7,1,$72303
353,354,Male,23,181760,35,Healthcare,14,3,$181760
354,355,Female,13,146858,75,Doctor,9,1,$146858
355,356,Male,22,172923,20,Engineer,6,1,$172923
356,357,Female,89,115811,87,Homemaker,11,4,$115811
357,358,Male,20,184324,51,Marketing,13,5,$184324
358,359,Female,72,67353,19,Lawyer,9,3,$67353
359,360,Male,17,165999,71,Healthcare,9,3,$165999
360,361,Male,90,164914,18,Artist,8,3,$164914
361,362,Male,99,63364,61,Entertainment,1,2,$63364
362,363,Female,39,182352,73,Engineer,4,3,$182352
363,364,Female,37,148544,56,Entertainment,1,2,$148544
364,365,Male,46,62833,85,Artist,1,2,$62833
365,366,Male,65,120627,72,Healthcare,0,2,$120627
366,367,Female,60,130898,30,Artist,1,1,$130898
367,368,Female,93,103130,74,Executive,12,3,$103130
368,369,Male,72,106681,15,Healthcare,9,5,$106681
369,370,Female,36,87353,25,Entertainment,1,5,$87353
370,371,Male,52,88046,61,Artist,8,1,$88046
371,372,Female,72,98168,49,Entertainment,1,2,$98168
372,373,Female,28,178265,5,Lawyer,2,1,$178265
373,374,Female,48,167232,92,Doctor,6,4,$167232
374,375,Male,85,140478,43,Doctor,6,4,$140478
375,376,Male,22,159296,83,Artist,8,1,$159296
376,377,Female,30,144043,78,Doctor,1,1,$144043
377,378,Male,46,72594,64,Artist,1,2,$72594
378,379,Female,82,180288,77,Artist,2,2,$180288
379,380,Female,73,165734,51,Entertainment,0,1,$165734
380,381,Male,8,175407,2,Artist,5,1,$175407
381,382,Male,90,70201,8,Engineer,0,2,$70201
382,383,Male,34,91503,26,Artist,0,6,$91503
383,384,Female,10,184522,43,Artist,0,2,$184522
384,385,Female,79,143560,83,Artist,1,3,$143560
385,386,Male,83,131574,97,Artist,1,2,$131574
386,387,Female,20,151124,18,Artist,15,3,$151124
387,388,Female,25,67447,5,Artist,15,2,$67447
388,389,Female,26,117454,8,Healthcare,16,2,$117454
389,390,Female,18,86203,23,Doctor,13,1,$86203
390,391,Female,7,136231,10,Artist,7,1,$136231
391,392,Male,1,89144,1,Doctor,12,2,$89144
392,393,Male,21,119116,30,Artist,17,4,$119116
393,394,Female,86,163463,31,Artist,9,4,$163463
394,395,Female,75,151696,82,Artist,15,1,$151696
395,396,Male,78,184736,52,Lawyer,13,1,$184736
396,397,Female,87,70419,69,Homemaker,6,4,$70419
397,398,Female,8,119104,41,Entertainment,14,3,$119104
398,399,Male,59,130950,28,Executive,5,3,$130950
399,400,Male,13,140950,77,Artist,15,2,$140950
400,401,Female,55,82285,35,Engineer,16,1,$82285
401,402,Female,50,91389,92,Healthcare,11,7,$91389
402,403,Male,54,186359,95,Doctor,13,2,$186359
403,404,Male,13,178989,46,Doctor,14,3,$178989
404,405,Male,79,166335,45,Engineer,5,5,$166335
405,406,Female,65,119889,11,Artist,17,6,$119889
406,407,Female,51,66852,73,Executive,15,3,$66852
407,408,Male,18,103896,36,Executive,16,4,$103896
408,409,Male,21,187761,87,Healthcare,2,3,$187761
409,410,Male,37,102717,93,Healthcare,7,4,$102717
410,411,Male,83,102647,83,Entertainment,0,2,$102647
411,412,Female,96,113585,31,Lawyer,0,4,$113585
412,413,Female,65,86509,88,Artist,0,4,$86509
413,414,Male,80,59099,44,Marketing,1,7,$59099
414,415,Female,75,135088,5,Lawyer,1,5,$135088
415,416,Female,87,110870,78,Engineer,1,4,$110870
416,417,Female,86,187667,12,Artist,0,1,$187667
417,418,Female,36,124614,25,Artist,8,5,$124614
418,419,Female,78,166492,40,Homemaker,9,7,$166492
419,420,Female,62,172758,69,Entertainment,1,2,$172758
420,421,Male,89,122430,19,Healthcare,1,1,$122430
421,422,Female,56,183540,96,Entertainment,0,6,$183540
422,423,Female,35,96484,34,Artist,5,4,$96484
423,424,Male,33,112587,71,Artist,1,4,$112587
424,425,Female,58,155672,71,Entertainment,7,7,$155672
425,426,Female,68,72847,93,Artist,1,2,$72847
426,427,Male,38,71897,32,Entertainment,2,3,$71897
427,428,Male,31,158479,57,Doctor,1,5,$158479
428,429,Male,90,89251,4,Entertainment,1,1,$89251
429,430,Male,28,179911,24,Engineer,1,1,$179911
430,431,Male,1,111558,85,Healthcare,7,4,$111558
431,432,Male,78,127615,78,Executive,10,7,$127615
432,433,Female,23,50076,32,Artist,3,5,$50076
433,434,Female,25,77779,62,Artist,4,1,$77779
434,435,Male,59,169999,38,Engineer,5,5,$169999
435,436,Female,7,106581,76,Doctor,1,7,$106581
436,437,Female,24,78223,41,Lawyer,0,1,$78223
437,438,Male,76,136259,14,,0,7,$136259
438,439,Male,37,153399,93,Entertainment,1,6,$153399
439,440,Female,6,162858,91,Artist,0,1,$162858
440,441,Female,0,57373,29,,0,7,$57373
441,442,Male,3,133602,47,Artist,1,1,$133602
442,443,Female,95,66322,88,Artist,0,3,$66322
443,444,Female,0,68761,16,Lawyer,1,4,$68761
444,445,Male,7,70749,86,Artist,13,3,$70749
445,446,Male,54,65874,87,Artist,7,6,$65874
446,447,Male,89,115996,24,Engineer,15,1,$115996
447,448,Female,58,67097,91,Engineer,6,1,$67097
448,449,Female,12,108027,64,Artist,13,5,$108027
449,450,Male,7,176349,80,Healthcare,8,2,$176349
450,451,Male,11,88452,40,Healthcare,8,6,$88452
451,452,Male,74,128266,55,Engineer,7,4,$128266
452,453,Female,64,156777,20,Healthcare,7,2,$156777
453,454,Female,48,123234,50,Lawyer,10,7,$123234
454,455,Female,8,60790,38,Artist,1,5,$60790
455,456,Female,15,181332,99,Artist,14,6,$181332
456,457,Male,1,187297,7,Artist,0,1,$187297
457,458,Female,21,153885,86,Artist,6,6,$153885
458,459,Male,84,53500,44,Marketing,3,4,$53500
459,460,Female,5,69443,28,Doctor,4,6,$69443
460,461,Female,47,124072,56,Lawyer,0,7,$124072
461,462,Female,96,135800,29,Healthcare,0,7,$135800
462,463,Male,93,120597,96,Artist,2,4,$120597
463,464,Female,16,91358,11,Entertainment,1,4,$91358
464,465,Male,56,53231,41,Marketing,0,5,$53231
465,466,Female,76,156330,31,Engineer,1,2,$156330
466,467,Male,0,186002,80,Doctor,15,2,$186002
467,468,Female,70,111760,53,Executive,12,5,$111760
468,469,Female,47,143906,12,Artist,4,3,$143906
469,470,Male,13,182410,22,Healthcare,11,4,$182410
470,471,Male,86,98463,46,Homemaker,10,5,$98463
471,472,Male,91,93762,28,Artist,15,7,$93762
472,473,Male,97,104582,50,Healthcare,8,2,$104582
473,474,Male,20,130813,92,Artist,17,5,$130813
474,475,Female,11,59202,92,Healthcare,5,4,$59202
475,476,Female,28,79968,45,Lawyer,9,2,$79968
476,477,Male,32,104824,42,Artist,0,7,$104824
477,478,Male,82,188719,30,Lawyer,0,6,$188719
478,479,Male,39,187536,66,Healthcare,3,6,$187536
479,480,Male,7,134008,85,Entertainment,2,1,$134008
480,481,Female,13,176397,71,Artist,6,3,$176397
481,482,Female,34,154888,43,Healthcare,9,6,$154888
482,483,Male,76,155622,81,Healthcare,0,2,$155622
483,484,Female,30,62330,60,Healthcare,1,1,$62330
484,485,Female,69,112838,34,Healthcare,1,7,$112838
485,486,Male,22,58283,59,Homemaker,2,4,$58283
486,487,Female,60,77857,81,Artist,1,6,$77857
487,488,Male,66,125024,25,Artist,0,1,$125024
488,489,Female,57,136242,34,Artist,9,1,$136242
489,490,Female,60,81934,81,Healthcare,1,4,$81934
490,491,Female,59,130511,97,Artist,3,4,$130511
491,492,Female,54,144502,88,Lawyer,3,1,$144502
492,493,Male,90,63769,6,Artist,4,2,$63769
493,494,Female,14,66760,20,Artist,0,4,$66760
494,495,Female,34,135115,54,Entertainment,1,7,$135115
495,496,Female,85,179877,17,Healthcare,12,4,$179877
496,497,Female,83,93351,65,Doctor,1,1,$93351
497,498,Male,12,84547,96,Homemaker,3,3,$84547
498,499,Male,95,121725,3,,12,3,$121725
499,500,Male,41,65723,91,Artist,6,7,$65723
500,501,Female,38,96794,96,Healthcare,6,3,$96794
501,502,Male,68,72352,61,Healthcare,8,5,$72352
502,503,Female,4,53097,21,Healthcare,0,7,$53097
503,504,Female,5,144831,17,Artist,1,3,$144831
504,505,Female,3,183851,10,Doctor,1,2,$183851
505,506,Female,20,111896,90,Executive,1,3,$111896
506,507,Female,3,64824,30,Executive,1,1,$64824
507,508,Male,36,88565,16,Healthcare,1,5,$88565
508,509,Female,70,104974,63,Artist,1,1,$104974
509,510,Female,17,167060,47,Artist,1,5,$167060
510,511,Female,31,69018,17,Artist,6,1,$69018
511,512,Female,48,174109,96,Entertainment,0,1,$174109
512,513,Male,28,62186,29,Marketing,0,1,$62186
513,514,Male,97,183783,70,Healthcare,9,3,$183783
514,515,Male,81,83771,1,Artist,1,2,$83771
515,516,Female,37,148196,91,Artist,0,2,$148196
516,517,Male,85,131742,87,Entertainment,1,1,$131742
517,518,Female,78,59971,94,Homemaker,14,7,$59971
518,519,Female,13,88960,2,Entertainment,13,3,$88960
519,520,Female,53,140107,38,Healthcare,1,5,$140107
520,521,Female,41,161896,49,Entertainment,1,3,$161896
521,522,Female,9,57272,60,Engineer,1,1,$57272
522,523,Male,20,119952,2,Healthcare,8,2,$119952
523,524,Female,98,167197,63,Doctor,1,5,$167197
524,525,Female,44,186116,2,Healthcare,8,6,$186116
525,526,Female,66,134677,59,Healthcare,15,5,$134677
526,527,Female,58,180479,74,Healthcare,0,3,$180479
527,528,Male,97,112783,21,Artist,9,6,$112783
528,529,Male,13,150258,17,Doctor,0,3,$150258
529,530,Male,48,115832,92,Artist,2,2,$115832
530,531,Female,47,104834,44,Artist,0,7,$104834
531,532,Male,93,152571,66,Doctor,14,5,$152571
532,533,Female,11,162287,45,Engineer,3,2,$162287
533,534,Female,68,171761,59,Doctor,1,6,$171761
534,535,Female,87,77709,73,Artist,0,1,$77709
535,536,Female,22,95053,17,Entertainment,1,2,$95053
536,537,Male,89,74820,33,Doctor,1,2,$74820
537,538,Male,57,152267,92,Engineer,9,5,$152267
538,539,Male,91,71925,14,Artist,4,2,$71925
539,540,Female,84,151340,95,Artist,1,7,$151340
540,541,Male,56,162921,51,Executive,0,4,$162921
541,542,Female,26,52234,30,Executive,1,2,$52234
542,543,Female,56,100271,87,Artist,1,5,$100271
543,544,Female,6,170266,23,Artist,3,2,$170266
544,545,Female,33,88763,1,Entertainment,1,1,$88763
545,546,Female,89,107359,26,,10,6,$107359
546,547,Male,99,164781,83,Engineer,0,2,$164781
547,548,Female,25,156016,85,Artist,2,1,$156016
548,549,Female,96,186882,40,Entertainment,1,7,$186882
549,550,Female,35,99300,88,Homemaker,5,2,$99300
550,551,Male,16,58127,65,Marketing,0,3,$58127
551,552,Female,81,89211,12,Doctor,1,7,$89211
552,553,Female,7,148607,59,Homemaker,1,7,$148607
553,554,Female,31,139592,62,Marketing,1,1,$139592
554,555,Female,16,172051,62,Healthcare,1,3,$172051
555,556,Male,89,57033,99,Artist,0,4,$57033
556,557,Male,84,117612,63,Engineer,0,6,$117612
557,558,Male,40,185321,96,Artist,0,7,$185321
558,559,Female,17,186577,5,Healthcare,8,5,$186577
559,560,Male,0,151298,89,Artist,0,6,$151298
560,561,Female,69,123925,52,Artist,1,7,$123925
561,562,Female,17,169496,12,Lawyer,11,6,$169496
562,563,Female,0,142892,25,Entertainment,8,1,$142892
563,564,Female,34,58979,3,Entertainment,9,5,$58979
564,565,Female,51,141416,100,Healthcare,15,1,$141416
565,566,Male,54,104854,67,Healthcare,1,7,$104854
566,567,Female,19,180331,14,Artist,17,5,$180331
567,568,Female,99,172896,13,Engineer,0,3,$172896
568,569,Female,2,101451,82,Healthcare,4,3,$101451
569,570,Female,91,189974,37,Engineer,8,1,$189974
570,571,Male,65,90084,65,Artist,1,6,$90084
571,572,Female,47,112247,24,Executive,4,5,$112247
572,573,Female,91,181775,61,Artist,4,5,$181775
573,574,Female,64,59088,31,Artist,1,3,$59088
574,575,Female,91,60856,23,Artist,1,6,$60856
575,576,Male,32,149900,34,Artist,6,3,$149900
576,577,Male,15,142776,98,Engineer,8,5,$142776
577,578,Male,22,162598,84,Artist,8,3,$162598
578,579,Female,37,146195,89,Healthcare,4,4,$146195
579,580,Male,83,135268,53,Lawyer,4,5,$135268
580,581,Female,89,136037,1,Marketing,5,1,$136037
581,582,Female,33,111191,67,Artist,9,4,$111191
582,583,Female,13,144111,62,Entertainment,12,5,$144111
583,584,Female,71,177359,56,Doctor,6,2,$177359
584,585,Female,10,112818,85,Marketing,15,7,$112818
585,586,Male,49,53509,98,Artist,5,4,$53509
586,587,Female,9,168269,75,Executive,10,2,$168269
587,588,Female,53,86766,2,Lawyer,16,3,$86766
588,589,Female,63,52661,25,Healthcare,12,5,$52661
589,590,Female,46,148520,14,Healthcare,11,5,$148520
590,591,Male,42,149936,52,Artist,15,3,$149936
591,592,Female,73,102296,31,Entertainment,7,5,$102296
592,593,Male,75,178416,16,Executive,10,7,$178416
593,594,Female,49,83788,41,Doctor,15,1,$83788
594,595,Female,96,184771,77,Engineer,8,5,$184771
595,596,Female,52,70302,88,Executive,14,3,$70302
596,597,Female,15,58639,51,Entertainment,5,7,$58639
597,598,Male,91,97879,40,Entertainment,15,7,$97879
598,599,Male,22,64707,29,Entertainment,7,3,$64707
599,600,Male,62,71795,87,Healthcare,8,1,$71795
600,601,Male,41,76567,85,Doctor,16,1,$76567
601,602,Male,61,126370,20,,11,4,$126370
602,603,Female,71,154007,32,Artist,7,7,$154007
603,604,Female,91,69720,78,Lawyer,17,6,$69720
604,605,Female,94,85265,68,Executive,7,6,$85265
605,606,Female,3,155864,31,Healthcare,13,3,$155864
606,607,Female,15,99421,72,Artist,8,7,$99421
607,608,Female,96,145457,57,Executive,2,1,$145457
608,609,Male,12,118041,77,Artist,9,2,$118041
609,610,Female,23,73759,83,Doctor,0,7,$73759
610,611,Male,94,90082,17,Artist,5,7,$90082
611,612,Female,7,74928,12,Artist,0,6,$74928
612,613,Female,74,101352,36,Lawyer,0,5,$101352
613,614,Female,52,93947,81,Healthcare,9,2,$93947
614,615,Male,39,134629,23,Engineer,1,6,$134629
615,616,Male,72,101858,70,Healthcare,8,6,$101858
616,617,Female,55,165501,47,Artist,10,4,$165501
617,618,Male,29,135931,74,Lawyer,5,1,$135931
618,619,Male,38,103356,20,Marketing,1,6,$103356
619,620,Female,44,75195,79,Artist,1,3,$75195
620,621,Male,58,123083,44,Entertainment,6,5,$123083
621,622,Male,77,73884,30,Healthcare,1,2,$73884
622,623,Female,56,91180,61,Entertainment,1,7,$91180
623,624,Male,79,86235,52,Artist,0,2,$86235
624,625,Female,97,96400,4,Doctor,1,7,$96400
625,626,Male,78,83599,12,Healthcare,1,6,$83599
626,627,Female,91,82535,50,Healthcare,0,1,$82535
627,628,Male,35,92227,8,Lawyer,0,5,$92227
628,629,Female,43,150444,27,Artist,13,4,$150444
629,630,Female,37,149095,83,Lawyer,1,2,$149095
630,631,Male,63,113605,42,Artist,3,3,$113605
631,632,Female,16,93854,82,Healthcare,0,7,$93854
632,633,Male,32,118280,92,Artist,0,5,$118280
633,634,Male,91,94576,90,Artist,0,1,$94576
634,635,Female,33,129257,70,Executive,6,3,$129257
635,636,Female,57,70373,10,Healthcare,2,6,$70373
636,637,Female,43,77600,66,Healthcare,0,1,$77600
637,638,Female,26,113707,97,Entertainment,0,5,$113707
638,639,Female,59,189672,8,Doctor,0,7,$189672
639,640,Female,61,143180,58,Artist,0,5,$143180
640,641,Female,59,174890,14,Marketing,3,4,$174890
641,642,Male,66,121377,19,,7,7,$121377
642,643,Male,26,154857,13,Healthcare,0,7,$154857
643,644,Female,67,160945,51,Healthcare,0,5,$160945
644,645,Female,85,119557,35,Artist,0,2,$119557
645,646,Female,76,187141,33,Doctor,0,7,$187141
646,647,Female,57,97468,22,Artist,0,1,$97468
647,648,Female,77,160351,77,Lawyer,8,5,$160351
648,649,Female,66,178627,94,Healthcare,1,2,$178627
649,650,Female,49,170188,80,Lawyer,1,6,$170188
650,651,Female,36,166007,40,Doctor,1,4,$166007
651,652,Male,74,91794,83,Entertainment,0,7,$91794
652,653,Female,16,189072,86,Artist,6,3,$189072
653,654,Male,27,152717,15,Executive,1,6,$152717
654,655,Female,3,158549,98,Executive,0,3,$158549
655,656,Male,31,134263,94,Marketing,1,3,$134263
656,657,Female,30,148236,28,Executive,1,1,$148236
657,658,Male,94,171677,81,Artist,0,6,$171677
658,659,Female,31,189446,38,Artist,1,6,$189446
659,660,Male,49,106633,53,Artist,0,3,$106633
660,661,Male,49,81084,48,Executive,6,5,$81084
661,662,Male,53,148759,52,Doctor,7,7,$148759
662,663,Female,3,117638,95,Healthcare,2,7,$117638
663,664,Female,91,159537,37,Doctor,4,1,$159537
664,665,Male,26,79526,6,Marketing,9,7,$79526
665,666,Male,28,101414,64,,8,1,$101414
666,667,Female,92,109519,72,Entertainment,1,4,$109519
667,668,Female,59,156880,70,Artist,0,7,$156880
668,669,Male,15,157278,58,Artist,0,6,$157278
669,670,Female,23,144916,84,Engineer,1,7,$144916
670,671,Male,54,59163,100,Marketing,3,3,$59163
671,672,Female,93,93991,49,Artist,1,3,$93991
672,673,Female,65,58318,45,Doctor,1,1,$58318
673,674,Female,13,180786,88,Lawyer,1,5,$180786
674,675,Male,71,84622,45,Doctor,0,6,$84622
675,676,Male,1,92674,59,Artist,8,4,$92674
676,677,Female,57,87553,94,Artist,1,1,$87553
677,678,Male,14,74174,79,Entertainment,1,2,$74174
678,679,Female,77,180831,33,Healthcare,1,2,$180831
679,680,Female,89,137397,33,Doctor,1,7,$137397
680,681,Male,17,96154,100,Artist,1,4,$96154
681,682,Male,86,172477,69,Entertainment,1,3,$172477
682,683,Male,42,59954,37,Executive,4,4,$59954
683,684,Female,29,112240,95,Entertainment,0,4,$112240
684,685,Female,54,145679,35,Artist,0,2,$145679
685,686,Male,96,136265,49,Artist,12,5,$136265
686,687,Female,58,74869,12,Healthcare,0,3,$74869
687,688,Female,52,109425,46,Engineer,0,1,$109425
688,689,Female,3,126015,57,Healthcare,0,1,$126015
689,690,Female,13,156951,66,Healthcare,4,7,$156951
690,691,Female,3,127172,68,Healthcare,1,2,$127172
691,692,Male,89,113834,22,Doctor,0,3,$113834
692,693,Male,83,132005,2,Entertainment,0,5,$132005
693,694,Female,80,171323,78,Lawyer,10,4,$171323
694,695,Female,74,92355,87,Entertainment,1,4,$92355
695,696,Male,42,60982,3,Healthcare,0,5,$60982
696,697,Female,91,51742,33,Artist,8,3,$51742
697,698,Female,31,138612,71,Executive,9,2,$138612
698,699,Male,8,158123,84,Artist,1,1,$158123
699,700,Male,64,164675,65,Executive,0,5,$164675
700,701,Female,41,172882,27,Healthcare,8,7,$172882
701,702,Female,62,70119,93,Artist,0,1,$70119
702,703,Male,41,113998,26,Healthcare,7,7,$113998
703,704,Male,22,114011,40,,5,7,$114011
704,705,Male,5,57265,89,Entertainment,7,7,$57265
705,706,Female,38,130597,2,Artist,6,1,$130597
706,707,Female,88,121597,7,Engineer,0,5,$121597
707,708,Male,56,103210,100,Artist,6,6,$103210
708,709,Male,47,66308,8,Executive,0,4,$66308
709,710,Male,4,141336,93,Homemaker,2,1,$141336
710,711,Male,82,153632,76,Entertainment,9,7,$153632
711,712,Female,31,65520,71,Lawyer,1,2,$65520
712,713,Female,69,153217,83,Healthcare,1,6,$153217
713,714,Male,62,92768,75,Doctor,1,1,$92768
714,715,Female,54,132345,10,Artist,0,2,$132345
715,716,Female,60,186069,49,Marketing,1,2,$186069
716,717,Female,31,53802,32,Artist,1,7,$53802
717,718,Female,17,103739,62,Healthcare,6,4,$103739
718,719,Female,15,50550,34,Healthcare,9,7,$50550
719,720,Female,37,145648,21,Healthcare,7,6,$145648
720,721,Male,36,85737,37,Executive,0,3,$85737
721,722,Female,27,99950,20,Entertainment,0,4,$99950
722,723,Female,11,83220,21,Engineer,7,4,$83220
723,724,Male,83,73410,50,Entertainment,8,5,$73410
724,725,Female,71,64310,43,Marketing,2,1,$64310
725,726,Female,20,59844,79,Doctor,0,1,$59844
726,727,Male,3,67787,1,Executive,1,6,$67787
727,728,Male,52,172841,4,Engineer,0,1,$172841
728,729,Male,75,145528,61,Healthcare,1,2,$145528
729,730,Male,36,173807,42,Artist,0,2,$173807
730,731,Male,60,185794,69,Entertainment,7,1,$185794
731,732,Male,8,119780,71,Healthcare,1,3,$119780
732,733,Female,9,158596,86,Artist,1,2,$158596
733,734,Female,41,118122,52,Entertainment,0,6,$118122
734,735,Male,38,99964,11,Healthcare,7,4,$99964
735,736,Female,69,120752,27,Executive,1,6,$120752
736,737,Female,33,189630,53,Executive,5,5,$189630
737,738,Male,64,125510,6,Healthcare,3,3,$125510
738,739,Male,19,101799,49,Engineer,1,1,$101799
739,740,Female,88,92914,74,Artist,0,3,$92914
740,741,Female,91,162465,59,Engineer,9,3,$162465
741,742,Male,84,163818,27,Engineer,2,1,$163818
742,743,Female,43,53832,56,Entertainment,4,1,$53832
743,744,Female,30,140190,49,Engineer,1,4,$140190
744,745,Male,16,125836,69,Healthcare,1,4,$125836
745,746,Male,89,100938,27,Entertainment,0,7,$100938
746,747,Male,5,168670,37,Artist,1,3,$168670
747,748,Female,54,176885,10,Entertainment,0,3,$176885
748,749,Female,41,111174,28,Artist,4,5,$111174
749,750,Male,80,127335,97,Artist,6,6,$127335
750,751,Male,37,149103,3,Healthcare,10,1,$149103
751,752,Male,87,167705,31,Healthcare,0,7,$167705
752,753,Female,50,183548,85,Entertainment,1,4,$183548
753,754,Female,14,50396,46,Lawyer,0,6,$50396
754,755,Female,17,63557,3,Marketing,1,1,$63557
755,756,Female,98,87878,55,Artist,1,6,$87878
756,757,Male,3,55634,53,Engineer,8,3,$55634
757,758,Female,83,118110,26,Engineer,1,5,$118110
758,759,Male,13,129396,36,Artist,6,6,$129396
759,760,Female,46,62628,64,Entertainment,8,6,$62628
760,761,Female,25,51700,17,Healthcare,4,6,$51700
761,762,Female,4,106816,49,Artist,7,5,$106816
762,763,Male,64,93000,67,Lawyer,0,2,$93000
763,764,Female,84,144148,71,Doctor,1,4,$144148
764,765,Male,12,101388,90,Artist,0,2,$101388
765,766,Female,56,171560,78,Engineer,0,2,$171560
766,767,Male,58,156366,60,Entertainment,8,1,$156366
767,768,Female,0,143910,22,Marketing,1,7,$143910
768,769,Female,25,106569,84,Engineer,1,3,$106569
769,770,Male,28,173009,25,Healthcare,9,6,$173009
770,771,Male,78,54252,29,Engineer,0,5,$54252
771,772,Male,56,104600,57,Entertainment,6,3,$104600
772,773,Male,91,50250,54,Artist,0,2,$50250
773,774,Male,77,93242,84,Entertainment,0,7,$93242
774,775,Female,83,156839,38,Artist,3,7,$156839
775,776,Female,64,71305,39,Artist,9,2,$71305
776,777,Male,19,85975,73,Entertainment,0,6,$85975
777,778,Male,94,188107,52,Engineer,10,2,$188107
778,779,Male,19,82333,35,Marketing,1,2,$82333
779,780,Male,84,125016,25,Entertainment,1,7,$125016
780,781,Female,10,148908,10,Healthcare,2,3,$148908
781,782,Female,19,58217,70,Artist,0,1,$58217
782,783,Male,74,76521,29,Engineer,7,4,$76521
783,784,Female,95,117763,42,Artist,1,2,$117763
784,785,Female,34,115184,93,Homemaker,1,4,$115184
785,786,Male,30,54251,7,Artist,2,6,$54251
786,787,Female,53,112530,24,Entertainment,2,6,$112530
787,788,Male,67,107409,2,Artist,1,6,$107409
788,789,Female,23,84793,23,Homemaker,9,6,$84793
789,790,Female,25,66952,79,Entertainment,1,2,$66952
790,791,Female,84,153465,11,Lawyer,1,4,$153465
791,792,Female,1,178214,17,Artist,1,7,$178214
792,793,Male,70,152069,42,Entertainment,4,4,$152069
793,794,Female,56,132860,17,Healthcare,7,2,$132860
794,795,Female,0,147719,86,Lawyer,1,7,$147719
795,796,Female,91,172915,29,Doctor,9,1,$172915
796,797,Female,81,148594,29,Entertainment,3,5,$148594
797,798,Male,33,61986,77,Executive,0,1,$61986
798,799,Male,75,91456,13,Artist,1,4,$91456
799,800,Male,11,166247,84,Executive,1,2,$166247
800,801,Female,61,140516,50,Artist,0,3,$140516
801,802,Male,81,148208,36,,5,7,$148208
802,803,Female,62,133822,78,Marketing,0,4,$133822
803,804,Female,44,175424,32,Artist,4,5,$175424
804,805,Female,67,121528,92,Healthcare,8,4,$121528
805,806,Female,30,189369,69,Healthcare,0,3,$189369
806,807,Female,92,80808,26,Artist,1,1,$80808
807,808,Male,25,57535,84,Entertainment,1,7,$57535
808,809,Female,61,163509,51,Healthcare,0,4,$163509
809,810,Female,72,75884,57,Executive,0,7,$75884
810,811,Female,89,157759,52,Artist,1,6,$157759
811,812,Female,37,184813,44,Executive,0,2,$184813
812,813,Male,59,187253,51,Executive,8,7,$187253
813,814,Male,41,81718,36,Entertainment,1,3,$81718
814,815,Male,60,150019,37,Doctor,1,2,$150019
815,816,Female,81,53452,73,Entertainment,1,6,$53452
816,817,Male,85,150765,42,Homemaker,8,2,$150765
817,818,Female,91,154456,71,,0,7,$154456
818,819,Female,65,56647,12,Doctor,6,4,$56647
819,820,Female,19,117477,48,Healthcare,6,7,$117477
820,821,Female,78,79677,9,Artist,10,7,$79677
821,822,Female,0,116759,28,Marketing,7,3,$116759
822,823,Male,26,180702,21,Entertainment,6,1,$180702
823,824,Female,2,122698,100,Entertainment,8,1,$122698
824,825,Female,60,169346,55,Healthcare,7,2,$169346
825,826,Female,67,93176,25,Artist,4,1,$93176
826,827,Female,4,75853,40,Homemaker,4,5,$75853
827,828,Male,7,119362,58,Engineer,8,1,$119362
828,829,Male,28,81545,36,Artist,4,7,$81545
829,830,Male,67,67372,75,Artist,0,7,$67372
830,831,Female,30,109703,61,Executive,1,1,$109703
831,832,Male,38,166697,39,Marketing,13,4,$166697
832,833,Female,40,124982,34,Engineer,1,7,$124982
833,834,Female,6,146776,83,Lawyer,1,7,$146776
834,835,Female,3,147548,45,Executive,4,5,$147548
835,836,Female,51,117620,60,Healthcare,7,6,$117620
836,837,Male,63,85351,57,Healthcare,0,2,$85351
837,838,Male,65,174432,8,Artist,0,7,$174432
838,839,Male,44,70787,68,Doctor,1,3,$70787
839,840,Female,90,75473,63,Healthcare,0,7,$75473
840,841,Male,76,90082,49,Healthcare,1,6,$90082
841,842,Female,62,185388,54,Healthcare,0,2,$185388
842,843,Female,5,168110,69,Doctor,14,6,$168110
843,844,Female,67,184628,38,Artist,12,2,$184628
844,845,Female,38,176551,45,Healthcare,8,1,$176551
845,846,Female,31,76422,21,Healthcare,9,7,$76422
846,847,Male,2,164248,51,Entertainment,9,3,$164248
847,848,Female,82,109188,38,Lawyer,5,7,$109188
848,849,Female,66,132951,26,Healthcare,4,1,$132951
849,850,Female,75,164598,32,Healthcare,8,1,$164598
850,851,Male,69,186655,32,,7,2,$186655
851,852,Female,62,111859,86,Healthcare,6,1,$111859
852,853,Female,0,121926,41,Lawyer,7,1,$121926
853,854,Female,11,143047,42,Executive,1,3,$143047
854,855,Female,22,131748,23,Artist,1,3,$131748
855,856,Male,76,142801,23,Lawyer,0,1,$142801
856,857,Male,85,142723,46,Engineer,0,6,$142723
857,858,Male,21,155151,16,Marketing,14,3,$155151
858,859,Female,64,153607,48,Healthcare,1,4,$153607
859,860,Male,94,144192,34,Healthcare,0,3,$144192
860,861,Female,83,174159,22,Lawyer,4,4,$174159
861,862,Female,93,73642,50,Marketing,0,3,$73642
862,863,Female,12,170319,46,Artist,8,7,$170319
863,864,Female,0,141351,10,Engineer,0,2,$141351
864,865,Female,79,167411,9,Marketing,12,5,$167411
865,866,Male,90,58289,49,Artist,5,6,$58289
866,867,Female,45,79801,77,Doctor,0,2,$79801
867,868,Female,82,146118,52,Marketing,8,7,$146118
868,869,Female,57,57337,14,Healthcare,1,4,$57337
869,870,Female,43,113575,6,Entertainment,1,2,$113575
870,871,Male,63,122658,65,Engineer,6,2,$122658
871,872,Female,62,151836,13,Artist,0,6,$151836
872,873,Female,43,185900,80,Homemaker,9,4,$185900
873,874,Female,34,94029,98,Healthcare,1,4,$94029
874,875,Female,30,157290,22,Artist,2,2,$157290
875,876,Male,97,175996,42,Entertainment,10,4,$175996
876,877,Male,68,102016,37,Artist,0,4,$102016
877,878,Male,16,77902,67,Artist,1,2,$77902
878,879,Female,15,81138,86,Healthcare,9,7,$81138
879,880,Male,25,128258,48,Executive,0,2,$128258
880,881,Female,29,62475,24,Artist,6,4,$62475
881,882,Female,85,82854,75,Artist,6,4,$82854
882,883,Female,30,59284,38,Doctor,7,7,$59284
883,884,Female,13,141580,92,Healthcare,0,4,$141580
884,885,Female,88,171362,90,Executive,6,4,$171362
885,886,Male,5,78274,65,Artist,9,2,$78274
886,887,Female,95,76646,61,Artist,0,1,$76646
887,888,Female,92,78308,66,Executive,5,2,$78308
888,889,Female,63,78971,89,Engineer,1,2,$78971
889,890,Female,75,65528,73,Marketing,1,5,$65528
890,891,Male,67,94199,71,Artist,5,7,$94199
891,892,Female,58,135705,48,Engineer,8,7,$135705
892,893,Male,52,130573,31,Entertainment,8,3,$130573
893,894,Female,85,152303,68,Artist,1,5,$152303
894,895,Female,31,144582,89,Doctor,1,1,$144582
895,896,Female,84,93288,60,Artist,10,6,$93288
896,897,Female,93,88192,3,Marketing,10,2,$88192
897,898,Male,18,62362,81,Lawyer,7,3,$62362
898,899,Male,73,74350,39,Lawyer,10,1,$74350
899,900,Male,3,144103,42,Healthcare,8,7,$144103
900,901,Male,1,75518,17,Lawyer,7,3,$75518
901,902,Male,53,160980,62,Doctor,4,2,$160980
902,903,Female,75,102904,28,Artist,7,6,$102904
903,904,Female,15,174501,37,,9,7,$174501
904,905,Female,47,157661,57,Healthcare,6,6,$157661
905,906,Female,66,118385,8,Healthcare,10,3,$118385
906,907,Female,17,116463,100,Artist,8,4,$116463
907,908,Female,1,161212,14,Artist,9,6,$161212
908,909,Male,16,172601,50,Marketing,4,6,$172601
909,910,Female,52,167214,94,Homemaker,8,7,$167214
910,911,Male,21,69644,19,Artist,5,1,$69644
911,912,Female,19,120215,46,Homemaker,7,2,$120215
912,913,Female,29,180401,23,Engineer,7,6,$180401
913,914,Female,40,113739,93,Artist,5,7,$113739
914,915,Male,76,111717,41,Healthcare,1,2,$111717
915,916,Male,91,62808,20,Engineer,0,4,$62808
916,917,Female,24,67582,13,Artist,1,3,$67582
917,918,Male,4,96543,60,Artist,9,1,$96543
918,919,Male,90,89667,69,Artist,0,2,$89667
919,920,Female,56,98980,65,Engineer,0,1,$98980
920,921,Male,14,124998,17,Lawyer,1,3,$124998
921,922,Male,52,189091,12,Artist,0,6,$189091
922,923,Female,14,153842,3,Artist,1,3,$153842
923,924,Male,30,106314,16,Artist,0,7,$106314
924,925,Female,70,62901,60,Artist,8,5,$62901
925,926,Male,14,149618,78,Healthcare,4,6,$149618
926,927,Female,95,72068,97,Healthcare,0,6,$72068
927,928,Male,25,81367,87,,0,3,$81367
928,929,Female,95,118575,10,Entertainment,1,3,$118575
929,930,Female,12,82382,97,Executive,1,3,$82382
930,931,Male,82,114776,55,Entertainment,10,3,$114776
931,932,Female,2,145597,81,Artist,1,6,$145597
932,933,Male,51,162072,86,Engineer,1,1,$162072
933,934,Male,63,172872,11,Healthcare,0,7,$172872
934,935,Female,30,182162,6,Artist,1,3,$182162
935,936,Female,68,71467,81,Artist,5,7,$71467
936,937,Female,21,85568,1,Healthcare,0,6,$85568
937,938,Female,99,56851,72,Entertainment,6,3,$56851
938,939,Female,0,116782,73,Artist,9,5,$116782
939,940,Female,80,67781,1,Entertainment,4,4,$67781
940,941,Female,51,70152,29,Healthcare,0,2,$70152
941,942,Male,18,185861,82,Artist,3,6,$185861
942,943,Male,43,162595,17,Artist,3,3,$162595
943,944,Female,29,80098,54,Lawyer,10,6,$80098
944,945,Female,20,184801,8,Lawyer,1,1,$184801
945,946,Female,39,58908,37,Artist,6,6,$58908
946,947,Female,9,146011,69,Marketing,9,5,$146011
947,948,Female,45,135174,39,Artist,9,4,$135174
948,949,Female,65,114244,64,Artist,0,1,$114244
949,950,Female,64,157207,52,Healthcare,0,4,$157207
950,951,Female,81,128834,23,Entertainment,5,4,$128834
951,952,Male,54,51166,24,Entertainment,0,7,$51166
952,953,Female,32,130118,36,Artist,0,4,$130118
953,954,Male,29,87014,71,Doctor,11,4,$87014
954,955,Female,25,111379,93,Artist,0,2,$111379
955,956,Male,5,83704,82,Entertainment,1,1,$83704
956,957,Female,55,90558,49,Healthcare,8,2,$90558
957,958,Male,12,187343,14,Healthcare,6,3,$187343
958,959,Female,81,111174,48,Entertainment,9,6,$111174
959,960,Male,87,64461,63,Engineer,4,4,$64461
960,961,Male,12,109618,97,Artist,7,3,$109618
961,962,Male,91,189357,4,Lawyer,7,1,$189357
962,963,Female,63,120955,79,Artist,6,1,$120955
963,964,Female,97,168898,54,Homemaker,8,7,$168898
964,965,Male,89,130431,52,Healthcare,6,3,$130431
965,966,Male,59,161091,56,Engineer,9,1,$161091
966,967,Female,26,69988,2,Homemaker,5,4,$69988
967,968,Female,5,169702,98,Doctor,5,1,$169702
968,969,Male,32,186897,49,Healthcare,1,7,$186897
969,970,Female,98,109061,41,Engineer,6,1,$109061
970,971,Male,31,188620,30,Artist,3,6,$188620
971,972,Female,59,108675,57,Artist,4,5,$108675
972,973,Female,80,177601,34,Entertainment,0,2,$177601
973,974,Female,12,87365,3,Marketing,1,2,$87365
974,975,Male,80,95929,23,Engineer,0,2,$95929
975,976,Male,59,97185,87,Entertainment,0,5,$97185
976,977,Female,56,103838,17,Artist,1,2,$103838
977,978,Male,18,129260,11,Doctor,1,3,$129260
978,979,Female,66,151184,19,Artist,1,4,$151184
979,980,Female,67,177512,62,Engineer,2,3,$177512
980,981,Male,39,140099,51,Lawyer,0,7,$140099
981,982,Male,23,67535,97,Healthcare,7,6,$67535
982,983,Male,47,133236,61,Executive,1,6,$133236
983,984,Female,41,87975,5,Homemaker,9,7,$87975
984,985,Female,40,164350,23,Healthcare,0,5,$164350
985,986,Male,36,55109,53,Artist,8,3,$55109
986,987,Female,12,67613,40,Entertainment,1,2,$67613
987,988,Female,60,185306,47,Entertainment,0,2,$185306
988,989,Female,24,154787,84,Executive,3,5,$154787
989,990,Female,17,109759,96,Artist,9,3,$109759
990,991,Female,92,114571,51,Executive,1,3,$114571
991,992,Male,32,130697,93,Artist,1,2,$130697
992,993,Male,39,115916,24,Doctor,13,6,$115916
993,994,Female,50,69814,53,Artist,9,2,$69814
994,995,Female,85,118161,74,Engineer,0,4,$118161
995,996,Male,65,56583,65,Healthcare,2,3,$56583
996,997,Female,17,185843,36,Artist,4,3,$185843
997,998,Female,31,171825,22,Entertainment,10,4,$171825
998,999,Male,24,77976,95,Artist,11,3,$77976
999,1000,Male,97,66312,75,Entertainment,0,1,$66312
1000,1001,Female,92,81839,11,Entertainment,0,4,$81839
1001,1002,Female,80,55712,5,Artist,5,6,$55712
1002,1003,Male,33,158335,45,Healthcare,2,5,$158335
1003,1004,Male,8,74253,45,Lawyer,1,6,$74253
1004,1005,Male,67,119625,3,Healthcare,4,4,$119625
1005,1006,Female,8,129743,6,Artist,0,2,$129743
1006,1007,Female,61,101007,60,Lawyer,0,6,$101007
1007,1008,Male,83,87529,49,Artist,9,7,$87529
1008,1009,Male,8,151648,98,Healthcare,8,6,$151648
1009,1010,Male,69,61637,67,,0,5,$61637
1010,1011,Male,14,164659,59,Entertainment,1,6,$164659
1011,1012,Female,80,125623,62,Executive,0,4,$125623
1012,1013,Female,85,104054,22,Artist,8,4,$104054
1013,1014,Male,88,83535,56,Artist,1,5,$83535
1014,1015,Female,76,166245,13,Executive,7,3,$166245
1015,1016,Female,32,100890,60,Entertainment,4,4,$100890
1016,1017,Female,99,55972,83,Entertainment,1,7,$55972
1017,1018,Female,85,134282,39,Artist,2,5,$134282
1018,1019,Female,25,106669,22,Lawyer,1,7,$106669
1019,1020,Female,99,145777,94,Executive,1,5,$145777
1020,1021,Male,41,119259,91,Healthcare,1,5,$119259
1021,1022,Female,1,150174,59,Artist,2,2,$150174
1022,1023,Female,45,55472,51,Healthcare,1,3,$55472
1023,1024,Male,55,99423,82,Healthcare,0,5,$99423
1024,1025,Female,20,146221,25,Marketing,0,3,$146221
1025,1026,Female,33,84238,31,Artist,1,2,$84238
1026,1027,Male,92,57032,75,Entertainment,1,5,$57032
1027,1028,Male,93,88811,52,Engineer,0,4,$88811
1028,1029,Male,60,167420,38,Artist,5,2,$167420
1029,1030,Male,38,101846,17,Doctor,3,2,$101846
1030,1031,Male,15,114061,87,Artist,2,5,$114061
1031,1032,Male,74,147449,16,Artist,1,5,$147449
1032,1033,Female,47,83043,76,Executive,0,1,$83043
1033,1034,Female,96,168990,81,Doctor,9,5,$168990
1034,1035,Male,97,73867,65,Healthcare,4,5,$73867
1035,1036,Female,35,165772,51,Healthcare,1,4,$165772
1036,1037,Female,19,178217,38,Marketing,0,3,$178217
1037,1038,Male,60,162612,98,Engineer,1,6,$162612
1038,1039,Male,37,99872,53,Entertainment,11,3,$99872
1039,1040,Female,49,142566,77,Artist,1,7,$142566
1040,1041,Female,1,111424,80,Entertainment,8,5,$111424
1041,1042,Male,43,187841,38,Artist,1,4,$187841
1042,1043,Female,46,171921,50,Artist,1,6,$171921
1043,1044,Female,65,115299,87,Artist,6,3,$115299
1044,1045,Male,75,94129,27,Healthcare,6,7,$94129
1045,1046,Male,40,172378,39,Entertainment,5,6,$172378
1046,1047,Male,28,146597,31,Engineer,1,4,$146597
1047,1048,Female,78,64057,44,Doctor,0,3,$64057
1048,1049,Female,22,163585,49,Artist,9,5,$163585
1049,1050,Male,6,93186,83,Entertainment,1,3,$93186
1050,1051,Male,46,149764,1,Entertainment,0,6,$149764
1051,1052,Male,17,116822,84,Doctor,1,3,$116822
1052,1053,Female,46,109346,37,Entertainment,1,2,$109346
1053,1054,Female,72,111587,99,Artist,7,4,$111587
1054,1055,Female,38,166644,66,Artist,8,6,$166644
1055,1056,Female,50,181270,56,Artist,1,1,$181270
1056,1057,Male,47,65207,81,Healthcare,1,2,$65207
1057,1058,Female,72,112146,21,Homemaker,8,4,$112146
1058,1059,Male,8,104953,57,Doctor,1,6,$104953
1059,1060,Female,34,139009,24,Artist,0,4,$139009
1060,1061,Female,53,67916,82,Healthcare,0,6,$67916
1061,1062,Female,82,99983,88,Executive,0,1,$99983
1062,1063,Male,63,131122,40,Artist,9,6,$131122
1063,1064,Female,58,173190,37,Doctor,9,4,$173190
1064,1065,Male,23,122712,21,Marketing,1,1,$122712
1065,1066,Female,80,55792,30,Artist,1,6,$55792
1066,1067,Male,45,73892,45,Doctor,1,4,$73892
1067,1068,Female,30,78821,46,,1,4,$78821
1068,1069,Female,84,152475,12,Artist,0,7,$152475
1069,1070,Male,45,152226,87,Artist,4,4,$152226
1070,1071,Male,85,117679,18,Entertainment,1,3,$117679
1071,1072,Male,23,146473,87,Artist,1,4,$146473
1072,1073,Male,79,66051,75,Healthcare,1,7,$66051
1073,1074,Male,47,162332,72,Entertainment,1,5,$162332
1074,1075,Female,93,166018,71,Doctor,0,3,$166018
1075,1076,Female,95,67398,81,Entertainment,2,5,$67398
1076,1077,Male,44,73760,70,Entertainment,1,6,$73760
1077,1078,Male,95,167578,66,Entertainment,0,1,$167578
1078,1079,Male,28,130267,45,Engineer,8,4,$130267
1079,1080,Male,91,94846,95,Engineer,0,5,$94846
1080,1081,Female,81,155396,1,Engineer,9,5,$155396
1081,1082,Female,90,138013,16,Artist,8,7,$138013
1082,1083,Male,79,148286,77,Entertainment,0,4,$148286
1083,1084,Female,6,101031,28,Artist,1,1,$101031
1084,1085,Female,38,52884,24,Lawyer,1,1,$52884
1085,1086,Male,87,153230,15,Healthcare,8,1,$153230
1086,1087,Female,93,63261,13,Engineer,1,7,$63261
1087,1088,Male,44,90167,84,Engineer,0,3,$90167
1088,1089,Female,10,162076,78,,0,3,$162076
1089,1090,Female,84,53622,27,Artist,0,3,$53622
1090,1091,Female,7,172913,94,Executive,3,4,$172913
1091,1092,Female,41,94316,86,Artist,0,6,$94316
1092,1093,Male,87,141383,3,,7,5,$141383
1093,1094,Female,33,67874,55,Artist,0,2,$67874
1094,1095,Female,34,176554,62,Healthcare,1,2,$176554
1095,1096,Female,53,135341,56,Healthcare,10,2,$135341
1096,1097,Female,47,129019,57,Healthcare,0,3,$129019
1097,1098,Male,53,107879,3,Doctor,1,6,$107879
1098,1099,Male,92,79531,4,Artist,1,1,$79531
1099,1100,Male,89,63379,59,Artist,12,7,$63379
1100,1101,Female,27,156258,54,Entertainment,0,4,$156258
1101,1102,Male,70,67874,41,Entertainment,9,3,$67874
1102,1103,Female,86,159964,57,Engineer,5,6,$159964
1103,1104,Female,99,103706,50,Entertainment,1,2,$103706
1104,1105,Female,96,64713,84,Entertainment,2,7,$64713
1105,1106,Female,65,90414,55,Artist,1,5,$90414
1106,1107,Female,82,171100,34,Executive,0,5,$171100
1107,1108,Male,36,187305,85,Engineer,6,7,$187305
1108,1109,Female,30,139758,46,Lawyer,0,6,$139758
1109,1110,Female,96,91226,56,Healthcare,0,5,$91226
1110,1111,Female,69,143928,30,Engineer,9,7,$143928
1111,1112,Female,34,92366,14,Healthcare,0,6,$92366
1112,1113,Male,74,175041,25,Artist,4,1,$175041
1113,1114,Male,97,147301,93,Lawyer,1,5,$147301
1114,1115,Male,56,119296,49,Engineer,0,7,$119296
1115,1116,Female,30,126306,44,Artist,0,1,$126306
1116,1117,Male,13,100647,49,Executive,1,3,$100647
1117,1118,Female,95,168663,16,Engineer,11,5,$168663
1118,1119,Female,2,105391,42,Executive,1,7,$105391
1119,1120,Female,78,175179,43,Executive,9,4,$175179
1120,1121,Female,54,165019,12,Entertainment,1,2,$165019
1121,1122,Female,85,68212,26,Healthcare,7,4,$68212
1122,1123,Male,13,64572,71,Artist,1,2,$64572
1123,1124,Female,85,92591,99,Artist,8,2,$92591
1124,1125,Female,41,69730,97,Artist,1,4,$69730
1125,1126,Female,25,156793,57,Marketing,2,4,$156793
1126,1127,Female,74,56848,41,Artist,5,1,$56848
1127,1128,Male,8,148450,55,Healthcare,0,6,$148450
1128,1129,Male,62,150619,32,Artist,10,6,$150619
1129,1130,Male,52,100261,10,Artist,1,6,$100261
1130,1131,Female,36,109895,56,Healthcare,5,2,$109895
1131,1132,Male,11,152684,24,Lawyer,0,3,$152684
1132,1133,Female,84,133765,83,Artist,1,3,$133765
1133,1134,Female,99,57677,99,Lawyer,0,5,$57677
1134,1135,Female,51,112358,27,Artist,0,6,$112358
1135,1136,Female,57,73845,52,Artist,1,7,$73845
1136,1137,Male,92,89531,42,Healthcare,6,2,$89531
1137,1138,Male,29,118092,100,Entertainment,7,3,$118092
1138,1139,Male,62,144242,49,Entertainment,1,4,$144242
1139,1140,Female,43,140876,90,Entertainment,0,4,$140876
1140,1141,Male,72,76888,26,Marketing,0,1,$76888
1141,1142,Female,28,116644,88,Artist,6,3,$116644
1142,1143,Female,57,143021,3,Executive,5,4,$143021
1143,1144,Female,86,145679,91,Lawyer,9,6,$145679
1144,1145,Female,26,64398,7,Lawyer,1,6,$64398
1145,1146,Female,13,104512,40,Marketing,9,3,$104512
1146,1147,Male,1,71564,68,Artist,1,5,$71564
1147,1148,Female,89,122707,64,Homemaker,2,3,$122707
1148,1149,Female,91,51733,96,Healthcare,0,5,$51733
1149,1150,Female,67,138087,63,Marketing,1,7,$138087
1150,1151,Male,63,147278,51,Lawyer,0,4,$147278
1151,1152,Female,90,187339,62,Healthcare,0,6,$187339
1152,1153,Female,87,129972,97,Executive,1,6,$129972
1153,1154,Female,89,151176,55,Healthcare,1,2,$151176
1154,1155,Female,34,74358,60,Artist,0,6,$74358
1155,1156,Male,89,83953,82,Healthcare,0,3,$83953
1156,1157,Male,31,62925,24,Engineer,1,6,$62925
1157,1158,Male,55,65257,93,Doctor,2,3,$65257
1158,1159,Female,3,188557,4,Healthcare,9,2,$188557
1159,1160,Male,64,163783,84,Healthcare,3,1,$163783
1160,1161,Female,1,108342,97,Doctor,0,3,$108342
1161,1162,Female,20,155951,21,Healthcare,7,4,$155951
1162,1163,Female,18,183071,29,Artist,7,4,$183071
1163,1164,Female,83,124104,20,Healthcare,4,6,$124104
1164,1165,Female,21,136747,3,Healthcare,1,1,$136747
1165,1166,Male,19,189498,18,Artist,4,1,$189498
1166,1167,Female,74,76149,48,Artist,9,6,$76149
1167,1168,Female,44,185550,54,Artist,0,1,$185550
1168,1169,Female,52,119567,19,Artist,5,2,$119567
1169,1170,Female,14,79806,30,Engineer,1,6,$79806
1170,1171,Male,10,180774,66,Entertainment,1,5,$180774
1171,1172,Female,80,90142,50,Lawyer,1,2,$90142
1172,1173,Female,82,184481,84,Executive,0,2,$184481
1173,1174,Female,32,66089,75,Artist,6,3,$66089
1174,1175,Female,16,60044,83,Artist,4,1,$60044
1175,1176,Male,61,52543,23,Executive,0,6,$52543
1176,1177,Male,57,50429,23,Artist,0,1,$50429
1177,1178,Male,95,178228,45,Engineer,1,2,$178228
1178,1179,Female,38,161130,98,Artist,8,3,$161130
1179,1180,Male,70,87976,38,Lawyer,1,6,$87976
1180,1181,Female,40,179150,91,Artist,5,2,$179150
1181,1182,Female,92,163442,32,Executive,1,6,$163442
1182,1183,Female,73,108159,18,Entertainment,8,7,$108159
1183,1184,Female,62,73419,14,Healthcare,0,1,$73419
1184,1185,Female,12,138425,78,Doctor,11,6,$138425
1185,1186,Male,65,54431,93,Healthcare,1,7,$54431
1186,1187,Female,88,168437,81,Artist,2,2,$168437
1187,1188,Female,55,71322,54,Entertainment,1,6,$71322
1188,1189,Female,99,122548,14,,2,5,$122548
1189,1190,Female,20,141428,32,Entertainment,1,5,$141428
1190,1191,Male,97,142214,32,Artist,7,4,$142214
1191,1192,Female,93,62590,43,Artist,9,6,$62590
1192,1193,Male,84,172523,83,Artist,6,2,$172523
1193,1194,Female,16,157588,76,Executive,2,6,$157588
1194,1195,Female,10,143313,57,Doctor,4,7,$143313
1195,1196,Female,59,119833,38,Doctor,1,2,$119833
1196,1197,Female,54,70803,35,Entertainment,0,5,$70803
1197,1198,Male,82,139008,47,Artist,1,4,$139008
1198,1199,Male,83,126669,53,Artist,1,6,$126669
1199,1200,Male,87,122722,10,Executive,9,4,$122722
1200,1201,Male,1,79800,47,Artist,0,1,$79800
1201,1202,Male,89,100155,5,Healthcare,6,1,$100155
1202,1203,Female,32,110846,49,Artist,0,2,$110846
1203,1204,Female,1,106841,69,Entertainment,0,3,$106841
1204,1205,Female,54,117181,66,Doctor,12,5,$117181
1205,1206,Female,56,86898,76,Healthcare,0,6,$86898
1206,1207,Female,31,143241,81,Executive,4,7,$143241
1207,1208,Female,26,146028,33,Healthcare,0,5,$146028
1208,1209,Male,7,165287,65,Doctor,1,3,$165287
1209,1210,Female,60,132486,9,Artist,1,2,$132486
1210,1211,Male,92,96424,74,Artist,8,5,$96424
1211,1212,Female,93,151468,41,Artist,1,5,$151468
1212,1213,Female,8,76561,79,Healthcare,0,1,$76561
1213,1214,Female,81,125316,81,Lawyer,0,6,$125316
1214,1215,Male,21,109373,22,Entertainment,4,2,$109373
1215,1216,Male,96,135042,12,Artist,0,7,$135042
1216,1217,Female,78,59784,81,Artist,3,3,$59784
1217,1218,Male,86,140687,63,Artist,1,2,$140687
1218,1219,Male,1,182927,55,Healthcare,1,1,$182927
1219,1220,Female,62,175534,44,Artist,1,6,$175534
1220,1221,Male,68,170957,6,Lawyer,1,3,$170957
1221,1222,Male,70,81197,76,Artist,0,4,$81197
1222,1223,Female,21,104888,8,Healthcare,0,4,$104888
1223,1224,Male,74,184838,18,,8,5,$184838
1224,1225,Female,62,139588,66,Executive,0,2,$139588
1225,1226,Male,22,126543,45,Homemaker,0,3,$126543
1226,1227,Female,87,177260,45,Entertainment,14,2,$177260
1227,1228,Male,44,156823,42,Healthcare,9,5,$156823
1228,1229,Female,27,183201,52,Engineer,8,6,$183201
1229,1230,Female,95,84925,46,Artist,4,6,$84925
1230,1231,Male,89,69719,47,Artist,9,2,$69719
1231,1232,Female,41,61355,13,Healthcare,1,3,$61355
1232,1233,Male,41,156014,49,Doctor,14,5,$156014
1233,1234,Male,21,184088,21,Entertainment,11,7,$184088
1234,1235,Female,59,158372,98,Artist,1,1,$158372
1235,1236,Female,64,135742,67,Healthcare,1,7,$135742
1236,1237,Female,38,145704,82,Marketing,0,4,$145704
1237,1238,Female,70,157307,23,Executive,4,3,$157307
1238,1239,Female,25,88064,73,Executive,1,5,$88064
1239,1240,Female,3,167226,59,Homemaker,3,1,$167226
1240,1241,Female,70,153821,8,Marketing,1,4,$153821
1241,1242,Male,29,170669,78,Doctor,9,5,$170669
1242,1243,Male,88,93555,13,Artist,3,3,$93555
1243,1244,Female,20,101941,18,Healthcare,1,3,$101941
1244,1245,Female,58,78795,44,Engineer,0,6,$78795
1245,1246,Female,70,55875,94,Engineer,0,5,$55875
1246,1247,Female,44,177513,81,Lawyer,1,5,$177513
1247,1248,Female,87,100850,83,Doctor,0,3,$100850
1248,1249,Female,0,143082,63,Entertainment,0,7,$143082
1249,1250,Female,96,85447,4,Artist,9,6,$85447
1250,1251,Female,75,114213,33,Doctor,9,4,$114213
1251,1252,Male,14,161120,69,Executive,0,1,$161120
1252,1253,Female,8,186682,86,Entertainment,1,1,$186682
1253,1254,Male,58,105302,75,Doctor,0,3,$105302
1254,1255,Female,5,133400,47,Engineer,0,6,$133400
1255,1256,Male,70,56432,23,Engineer,0,5,$56432
1256,1257,Female,49,136467,72,Healthcare,3,3,$136467
1257,1258,Male,60,189945,20,Engineer,0,5,$189945
1258,1259,Female,25,163966,48,Lawyer,1,5,$163966
1259,1260,Male,47,52152,17,Artist,0,3,$52152
1260,1261,Male,53,145720,62,Homemaker,12,7,$145720
1261,1262,Male,24,188034,61,Healthcare,1,5,$188034
1262,1263,Female,46,127911,3,Homemaker,9,2,$127911
1263,1264,Female,70,174114,31,Lawyer,1,1,$174114
1264,1265,Male,53,144489,10,Artist,14,3,$144489
1265,1266,Male,63,77440,47,Lawyer,0,5,$77440
1266,1267,Female,24,86119,44,Artist,1,6,$86119
1267,1268,Female,5,100056,49,Entertainment,1,3,$100056
1268,1269,Male,7,66686,50,Artist,8,7,$66686
1269,1270,Female,71,74696,41,Doctor,1,6,$74696
1270,1271,Male,23,65641,50,Entertainment,4,5,$65641
1271,1272,Female,0,61228,81,Entertainment,1,6,$61228
1272,1273,Female,2,138529,87,Healthcare,0,4,$138529
1273,1274,Female,72,152405,4,Artist,1,4,$152405
1274,1275,Male,18,157757,84,Doctor,0,4,$157757
1275,1276,Male,11,166361,59,Engineer,6,4,$166361
1276,1277,Female,95,67227,30,Artist,1,7,$67227
1277,1278,Male,20,161156,88,Engineer,0,4,$161156
1278,1279,Female,58,170647,70,Healthcare,1,7,$170647
1279,1280,Female,67,161646,36,Healthcare,0,2,$161646
1280,1281,Male,43,98016,18,Healthcare,9,6,$98016
1281,1282,Male,36,50526,19,Artist,0,6,$50526
1282,1283,Male,2,175208,43,Executive,8,4,$175208
1283,1284,Female,35,97721,48,Engineer,0,7,$97721
1284,1285,Female,81,142013,81,Entertainment,3,4,$142013
1285,1286,Male,84,166737,76,Artist,0,3,$166737
1286,1287,Female,18,62651,13,Entertainment,0,2,$62651
1287,1288,Female,54,179546,4,Homemaker,8,4,$179546
1288,1289,Female,98,51866,81,Artist,12,7,$51866
1289,1290,Female,75,86297,42,Executive,9,4,$86297
1290,1291,Female,98,65031,23,Artist,0,4,$65031
1291,1292,Male,94,69383,25,Entertainment,0,2,$69383
1292,1293,Male,24,70733,63,Artist,5,3,$70733
1293,1294,Female,47,187898,89,Artist,6,2,$187898
1294,1295,Female,40,116001,55,Engineer,1,4,$116001
1295,1296,Male,68,87040,4,Artist,9,1,$87040
1296,1297,Female,18,180956,74,Artist,2,2,$180956
1297,1298,Female,83,115517,82,Healthcare,0,6,$115517
1298,1299,Male,34,76979,46,Lawyer,1,3,$76979
1299,1300,Male,81,50798,56,Artist,10,5,$50798
1300,1301,Female,61,146350,43,Artist,1,3,$146350
1301,1302,Female,77,81112,61,Healthcare,5,3,$81112
1302,1303,Male,52,80605,20,Doctor,1,6,$80605
1303,1304,Male,40,171949,11,Doctor,1,6,$171949
1304,1305,Male,93,159006,26,Artist,8,6,$159006
1305,1306,Female,45,177368,96,Healthcare,1,2,$177368
1306,1307,Female,83,187643,3,Artist,1,1,$187643
1307,1308,Male,23,93841,25,Lawyer,0,7,$93841
1308,1309,Male,15,131061,92,Healthcare,0,7,$131061
1309,1310,Male,79,146130,20,Entertainment,6,6,$146130
1310,1311,Male,80,84471,79,Doctor,1,5,$84471
1311,1312,Female,35,144485,15,Entertainment,0,4,$144485
1312,1313,Female,39,158638,78,Healthcare,2,5,$158638
1313,1314,Male,4,96693,28,Entertainment,0,4,$96693
1314,1315,Female,83,129507,93,Healthcare,4,7,$129507
1315,1316,Female,94,114510,39,Healthcare,0,4,$114510
1316,1317,Female,33,109396,17,,1,2,$109396
1317,1318,Female,12,149031,96,Artist,10,5,$149031
1318,1319,Female,77,66256,13,Lawyer,1,2,$66256
1319,1320,Female,48,118285,69,Doctor,8,4,$118285
1320,1321,Male,97,128723,58,Artist,4,5,$128723
1321,1322,Female,28,178285,91,Artist,4,7,$178285
1322,1323,Female,99,144176,74,Marketing,7,2,$144176
1323,1324,Male,27,82474,31,Artist,9,3,$82474
1324,1325,Female,95,159010,84,Lawyer,6,2,$159010
1325,1326,Female,6,76164,83,Artist,6,2,$76164
1326,1327,Male,18,77873,49,Executive,6,5,$77873
1327,1328,Male,42,53392,89,Artist,6,4,$53392
1328,1329,Male,50,168898,41,Artist,9,7,$168898
1329,1330,Male,86,128917,7,Homemaker,5,5,$128917
1330,1331,Male,69,185067,49,Lawyer,5,4,$185067
1331,1332,Male,23,132183,76,Artist,10,3,$132183
1332,1333,Female,82,82060,46,Healthcare,7,1,$82060
1333,1334,Female,97,133614,58,Artist,7,4,$133614
1334,1335,Male,42,94844,64,,7,6,$94844
1335,1336,Female,75,76474,5,Doctor,5,5,$76474
1336,1337,Female,14,94655,9,Healthcare,8,1,$94655
1337,1338,Male,3,60933,30,Doctor,8,1,$60933
1338,1339,Male,16,79257,82,Healthcare,6,2,$79257
1339,1340,Female,45,125677,36,Entertainment,5,2,$125677
1340,1341,Female,23,127971,56,Artist,1,5,$127971
1341,1342,Male,38,76103,62,Executive,9,3,$76103
1342,1343,Female,45,114741,96,Artist,0,5,$114741
1343,1344,Female,82,157994,92,Artist,1,1,$157994
1344,1345,Male,73,93786,44,Entertainment,3,1,$93786
1345,1346,Male,36,75178,41,Entertainment,1,7,$75178
1346,1347,Male,13,175267,81,Healthcare,1,4,$175267
1347,1348,Female,96,99263,100,Healthcare,8,1,$99263
1348,1349,Female,83,52590,3,Healthcare,0,4,$52590
1349,1350,Male,33,170959,75,Artist,0,4,$170959
1350,1351,Male,68,135076,60,Engineer,1,5,$135076
1351,1352,Male,88,167112,34,Lawyer,0,1,$167112
1352,1353,Female,87,184639,12,Doctor,1,6,$184639
1353,1354,Female,88,172369,80,Artist,6,6,$172369
1354,1355,Female,43,124256,67,Marketing,1,7,$124256
1355,1356,Female,64,89972,92,Artist,10,6,$89972
1356,1357,Male,96,67799,42,Entertainment,1,6,$67799
1357,1358,Female,72,176074,70,Doctor,1,7,$176074
1358,1359,Male,48,167517,27,Artist,2,7,$167517
1359,1360,Female,64,77914,11,Artist,1,6,$77914
1360,1361,Female,8,57605,81,Doctor,0,2,$57605
1361,1362,Female,52,86365,70,Engineer,1,7,$86365
1362,1363,Male,3,93883,39,Healthcare,1,2,$93883
1363,1364,Female,44,131091,62,Artist,4,1,$131091
1364,1365,Male,14,87222,14,Healthcare,8,4,$87222
1365,1366,Female,50,117076,45,Doctor,1,2,$117076
1366,1367,Male,53,150925,1,Healthcare,1,2,$150925
1367,1368,Female,31,149379,100,Lawyer,0,3,$149379
1368,1369,Female,31,138644,94,Engineer,4,3,$138644
1369,1370,Male,97,148493,42,Doctor,4,7,$148493
1370,1371,Male,27,84658,66,Lawyer,4,6,$84658
1371,1372,Male,2,111618,99,Lawyer,6,5,$111618
1372,1373,Male,81,108759,60,Artist,7,6,$108759
1373,1374,Male,64,186203,73,Artist,10,5,$186203
1374,1375,Female,11,147258,59,Lawyer,10,2,$147258
1375,1376,Female,78,132983,67,Healthcare,7,7,$132983
1376,1377,Male,72,149092,39,Engineer,8,1,$149092
1377,1378,Male,36,163845,84,Doctor,5,7,$163845
1378,1379,Male,97,117777,67,Artist,5,5,$117777
1379,1380,Male,88,131584,18,Artist,7,3,$131584
1380,1381,Female,21,123904,91,Artist,7,5,$123904
1381,1382,Female,62,89801,88,Artist,5,4,$89801
1382,1383,Male,73,173466,57,Entertainment,10,5,$173466
1383,1384,Female,34,55690,4,Marketing,4,6,$55690
1384,1385,Female,50,104467,72,,5,1,$104467
1385,1386,Male,39,100419,19,Artist,5,4,$100419
1386,1387,Female,82,62951,47,Lawyer,8,2,$62951
1387,1388,Male,39,118554,1,Lawyer,4,6,$118554
1388,1389,Female,13,140673,49,Artist,6,7,$140673
1389,1390,Female,68,75561,87,Healthcare,5,3,$75561
1390,1391,Female,77,147306,50,Healthcare,6,6,$147306
1391,1392,Female,35,111871,30,Doctor,10,1,$111871
1392,1393,Male,5,112884,43,Healthcare,0,6,$112884
1393,1394,Female,47,121267,58,Engineer,1,1,$121267
1394,1395,Female,48,151519,93,Artist,7,2,$151519
1395,1396,Female,34,105448,40,Artist,0,5,$105448
1396,1397,Female,20,92048,91,Healthcare,1,1,$92048
1397,1398,Male,61,99980,94,Healthcare,10,1,$99980
1398,1399,Male,16,84003,68,Artist,9,6,$84003
1399,1400,Male,2,110889,95,Executive,1,2,$110889
1400,1401,Female,52,82478,95,Executive,10,1,$82478
1401,1402,Male,99,139685,20,Healthcare,1,4,$139685
1402,1403,Female,84,182374,62,Entertainment,0,6,$182374
1403,1404,Female,58,119366,94,Engineer,4,2,$119366
1404,1405,Female,91,53788,57,Doctor,0,2,$53788
1405,1406,Female,1,90341,92,Doctor,0,2,$90341
1406,1407,Female,67,118348,94,Engineer,1,7,$118348
1407,1408,Male,56,137428,87,Artist,0,2,$137428
1408,1409,Female,62,106982,53,Entertainment,1,7,$106982
1409,1410,Female,12,98532,52,Doctor,0,6,$98532
1410,1411,Female,38,120825,24,Executive,9,7,$120825
1411,1412,Female,51,58006,83,Executive,1,5,$58006
1412,1413,Male,20,106941,73,Artist,1,1,$106941
1413,1414,Male,43,129782,31,Entertainment,1,2,$129782
1414,1415,Male,93,121513,90,Engineer,0,6,$121513
1415,1416,Female,54,79925,30,Healthcare,0,3,$79925
1416,1417,Male,23,112089,74,Healthcare,7,7,$112089
1417,1418,Female,1,138656,27,,3,4,$138656
1418,1419,Female,64,146794,90,Healthcare,8,3,$146794
1419,1420,Female,55,75033,30,Engineer,5,5,$75033
1420,1421,Female,85,149969,78,Executive,0,6,$149969
1421,1422,Female,20,124852,39,Healthcare,5,5,$124852
1422,1423,Male,73,154837,42,Executive,8,4,$154837
1423,1424,Female,53,145678,55,Executive,0,1,$145678
1424,1425,Female,7,137354,89,Artist,8,7,$137354
1425,1426,Female,50,136660,48,Entertainment,1,3,$136660
1426,1427,Female,12,63334,99,Artist,0,6,$63334
1427,1428,Male,37,62893,29,Executive,1,5,$62893
1428,1429,Male,78,163514,89,Doctor,9,2,$163514
1429,1430,Male,29,145934,40,Marketing,10,2,$145934
1430,1431,Female,54,119223,58,Lawyer,10,7,$119223
1431,1432,Male,89,127479,18,Doctor,10,2,$127479
1432,1433,Female,25,136146,98,Artist,6,6,$136146
1433,1434,Female,14,76001,46,Artist,7,3,$76001
1434,1435,Female,12,84885,24,Healthcare,6,2,$84885
1435,1436,Female,18,82812,1,Artist,6,2,$82812
1436,1437,Male,74,51260,43,Entertainment,5,5,$51260
1437,1438,Male,21,159572,42,Healthcare,5,5,$159572
1438,1439,Male,9,130186,88,Artist,9,7,$130186
1439,1440,Female,49,176954,57,Artist,5,6,$176954
1440,1441,Male,58,85908,99,Artist,5,4,$85908
1441,1442,Female,16,75831,5,Healthcare,10,7,$75831
1442,1443,Female,55,123045,56,Engineer,7,3,$123045
1443,1444,Female,31,161211,10,Lawyer,9,1,$161211
1444,1445,Female,59,81702,27,Marketing,6,4,$81702
1445,1446,Female,25,173043,3,Artist,8,6,$173043
1446,1447,Male,63,126380,90,Artist,6,1,$126380
1447,1448,Female,60,128205,27,Healthcare,6,5,$128205
1448,1449,Female,41,181355,73,Artist,10,3,$181355
1449,1450,Female,84,97931,70,Healthcare,9,7,$97931
1450,1451,Male,72,146432,25,Artist,6,1,$146432
1451,1452,Female,97,125731,41,Artist,6,4,$125731
1452,1453,Female,43,132701,70,Healthcare,5,2,$132701
1453,1454,Female,63,116095,8,Artist,5,1,$116095
1454,1455,Female,7,135773,42,Artist,9,5,$135773
1455,1456,Male,54,136417,45,Healthcare,9,6,$136417
1456,1457,Male,27,80783,82,Artist,9,3,$80783
1457,1458,Male,28,182580,60,Executive,6,6,$182580
1458,1459,Female,84,143567,48,Artist,7,2,$143567
1459,1460,Male,71,85908,85,Entertainment,5,4,$85908
1460,1461,Female,88,139806,99,Entertainment,4,4,$139806
1461,1462,Female,75,77269,24,Artist,8,1,$77269
1462,1463,Female,96,105968,65,Engineer,4,5,$105968
1463,1464,Female,83,125660,19,Engineer,10,4,$125660
1464,1465,Female,86,98444,76,Entertainment,7,4,$98444
1465,1466,Male,60,179503,9,Artist,4,3,$179503
1466,1467,Female,5,60575,14,Engineer,5,2,$60575
1467,1468,Female,65,75685,19,Marketing,7,3,$75685
1468,1469,Female,49,85374,45,Artist,8,5,$85374
1469,1470,Female,78,128642,19,Marketing,5,6,$128642
1470,1471,Male,25,182292,78,Artist,7,5,$182292
1471,1472,Female,5,124702,94,Artist,10,3,$124702
1472,1473,Female,58,127833,2,Artist,7,7,$127833
1473,1474,Female,80,178866,97,Artist,8,4,$178866
1474,1475,Female,94,183643,51,Artist,5,5,$183643
1475,1476,Male,62,113306,4,Executive,5,6,$113306
1476,1477,Male,20,84008,77,Artist,8,4,$84008
1477,1478,Male,85,85758,35,Lawyer,10,4,$85758
1478,1479,Female,72,63128,45,Engineer,8,7,$63128
1479,1480,Male,95,70174,6,Executive,10,6,$70174
1480,1481,Female,97,170133,42,Engineer,5,5,$170133
1481,1482,Female,25,165978,42,Artist,7,3,$165978
1482,1483,Female,17,149727,78,Artist,7,3,$149727
1483,1484,Female,19,147052,86,,9,4,$147052
1484,1485,Female,59,113389,79,Doctor,4,6,$113389
1485,1486,Male,30,111690,73,Entertainment,10,4,$111690
1486,1487,Female,63,184830,60,Doctor,9,3,$184830
1487,1488,Female,23,91549,23,Artist,4,3,$91549
1488,1489,Female,97,94629,17,Marketing,6,3,$94629
1489,1490,Female,97,167558,99,Artist,4,7,$167558
1490,1491,Male,94,119189,57,Artist,9,3,$119189
1491,1492,Female,28,96207,67,Artist,5,5,$96207
1492,1493,Male,21,85339,6,Doctor,4,7,$85339
1493,1494,Female,25,111942,7,Artist,5,5,$111942
1494,1495,Female,48,157003,45,Engineer,5,4,$157003
1495,1496,Female,53,117123,23,Artist,9,7,$117123
1496,1497,Female,97,172747,76,Artist,7,2,$172747
1497,1498,Male,33,157358,52,Healthcare,7,4,$157358
1498,1499,Male,5,156655,20,Entertainment,4,5,$156655
1499,1500,Male,72,166043,93,Doctor,7,6,$166043
1500,1501,Male,40,67768,15,Doctor,10,6,$67768
1501,1502,Male,34,171353,34,Doctor,8,4,$171353
1502,1503,Female,63,116971,76,Executive,7,5,$116971
1503,1504,Female,85,97822,38,Doctor,5,3,$97822
1504,1505,Female,86,117203,83,Healthcare,10,3,$117203
1505,1506,Female,63,88720,100,Artist,10,1,$88720
1506,1507,Female,9,173233,18,,5,1,$173233
1507,1508,Female,76,139447,36,Artist,8,7,$139447
1508,1509,Male,19,179269,93,Entertainment,6,3,$179269
1509,1510,Female,84,136254,90,Engineer,5,6,$136254
1510,1511,Male,38,174594,56,Executive,8,2,$174594
1511,1512,Female,1,100429,19,Entertainment,9,1,$100429
1512,1513,Female,30,73107,48,Artist,9,1,$73107
1513,1514,Female,86,98344,25,Artist,6,6,$98344
1514,1515,Male,21,163509,21,Healthcare,10,1,$163509
1515,1516,Male,15,116204,16,Engineer,8,2,$116204
1516,1517,Female,87,95853,53,Healthcare,9,1,$95853
1517,1518,Male,40,156411,70,Artist,6,5,$156411
1518,1519,Male,2,72889,36,Homemaker,5,7,$72889
1519,1520,Female,63,106691,79,Healthcare,9,3,$106691
1520,1521,Male,26,144832,42,Artist,5,3,$144832
1521,1522,Male,29,132297,53,Entertainment,8,1,$132297
1522,1523,Female,7,170345,3,Executive,9,5,$170345
1523,1524,Male,28,157383,13,Lawyer,8,2,$157383
1524,1525,Female,99,150782,18,Executive,8,2,$150782
1525,1526,Male,69,143987,87,Healthcare,10,5,$143987
1526,1527,Female,13,129659,59,Entertainment,6,7,$129659
1527,1528,Male,73,104826,36,Healthcare,5,1,$104826
1528,1529,Female,4,181471,59,Healthcare,10,4,$181471
1529,1530,Female,42,152547,56,Artist,7,4,$152547
1530,1531,Male,43,85347,9,Doctor,1,1,$85347
1531,1532,Female,79,122828,32,Executive,0,5,$122828
1532,1533,Male,18,107794,17,Engineer,0,5,$107794
1533,1534,Male,39,152566,11,Entertainment,1,7,$152566
1534,1535,Female,41,91715,99,Entertainment,0,3,$91715
1535,1536,Female,60,99222,48,Artist,1,6,$99222
1536,1537,Female,39,70280,99,Engineer,0,4,$70280
1537,1538,Female,90,70030,86,Healthcare,1,2,$70030
1538,1539,Female,83,102083,24,Artist,1,1,$102083
1539,1540,Female,92,166163,87,Engineer,8,5,$166163
1540,1541,Female,6,182871,27,Engineer,8,6,$182871
1541,1542,Male,50,187545,61,Executive,4,6,$187545
1542,1543,Male,90,182910,86,Entertainment,0,1,$182910
1543,1544,Female,13,174530,30,Lawyer,1,6,$174530
1544,1545,Female,27,115438,37,Artist,0,6,$115438
1545,1546,Female,93,93964,80,Artist,4,2,$93964
1546,1547,Female,61,180341,75,Healthcare,1,3,$180341
1547,1548,Female,91,107323,1,Engineer,7,7,$107323
1548,1549,Female,79,119435,55,Entertainment,0,7,$119435
1549,1550,Female,80,68341,22,Artist,13,6,$68341
1550,1551,Female,16,95365,60,Artist,0,5,$95365
1551,1552,Male,4,131093,79,Lawyer,1,7,$131093
1552,1553,Female,34,100621,3,Healthcare,1,1,$100621
1553,1554,Male,10,116521,47,Doctor,0,2,$116521
1554,1555,Female,3,136316,88,Executive,0,3,$136316
1555,1556,Male,96,172039,51,Lawyer,0,6,$172039
1556,1557,Female,48,70844,22,Entertainment,0,3,$70844
1557,1558,Male,25,100964,96,Marketing,1,6,$100964
1558,1559,Female,98,128037,39,Entertainment,6,2,$128037
1559,1560,Male,84,97081,75,Marketing,1,3,$97081
1560,1561,Male,88,92247,47,Marketing,0,6,$92247
1561,1562,Male,86,129914,92,Artist,1,3,$129914
1562,1563,Female,0,94014,53,Engineer,9,5,$94014
1563,1564,Female,56,138864,93,Artist,0,5,$138864
1564,1565,Male,6,169299,46,Marketing,1,5,$169299
1565,1566,Male,2,119097,40,Healthcare,0,7,$119097
1566,1567,Female,73,68161,23,Doctor,1,2,$68161
1567,1568,Female,38,181108,32,Homemaker,1,1,$181108
1568,1569,Male,37,87764,59,Engineer,9,7,$87764
1569,1570,Female,41,102543,54,Artist,7,3,$102543
1570,1571,Male,94,139417,13,Artist,1,3,$139417
1571,1572,Female,57,81802,29,Homemaker,9,1,$81802
1572,1573,Female,96,102788,51,Artist,0,1,$102788
1573,1574,Female,59,163179,19,Healthcare,1,7,$163179
1574,1575,Male,87,71318,22,Healthcare,1,3,$71318
1575,1576,Male,55,63683,34,Healthcare,3,1,$63683
1576,1577,Female,16,189689,37,Healthcare,8,5,$189689
1577,1578,Male,82,121610,36,Artist,0,5,$121610
1578,1579,Female,83,150682,25,Artist,1,1,$150682
1579,1580,Female,96,124550,46,Marketing,0,3,$124550
1580,1581,Male,55,148875,99,Artist,0,4,$148875
1581,1582,Male,6,107117,44,Artist,1,3,$107117
1582,1583,Male,33,109223,43,Engineer,1,5,$109223
1583,1584,Female,0,120899,7,Marketing,2,6,$120899
1584,1585,Female,27,101948,31,Artist,0,5,$101948
1585,1586,Male,72,143169,58,Engineer,0,4,$143169
1586,1587,Female,13,167619,4,Healthcare,7,6,$167619
1587,1588,Female,19,181795,59,Healthcare,3,5,$181795
1588,1589,Female,48,186445,41,Engineer,0,1,$186445
1589,1590,Female,58,102205,24,Artist,1,1,$102205
1590,1591,Female,21,52326,69,Healthcare,0,2,$52326
1591,1592,Male,91,82992,5,Entertainment,1,5,$82992
1592,1593,Male,44,145520,55,Homemaker,1,7,$145520
1593,1594,Female,80,104820,96,Artist,2,4,$104820
1594,1595,Female,28,69025,79,Entertainment,0,2,$69025
1595,1596,Male,74,164976,89,Entertainment,0,4,$164976
1596,1597,Female,79,178576,51,Executive,5,5,$178576
1597,1598,Female,42,72415,52,Marketing,0,5,$72415
1598,1599,Male,80,112146,24,Entertainment,0,3,$112146
1599,1600,Male,8,144830,43,Artist,0,1,$144830
1600,1601,Female,24,51661,79,Entertainment,0,7,$51661
1601,1602,Female,71,152910,90,Artist,1,6,$152910
1602,1603,Male,1,114556,64,Entertainment,0,7,$114556
1603,1604,Male,0,143455,62,Healthcare,1,6,$143455
1604,1605,Male,30,173096,92,Healthcare,0,3,$173096
1605,1606,Female,52,121172,97,Healthcare,5,4,$121172
1606,1607,Female,34,56492,15,Homemaker,8,1,$56492
1607,1608,Male,64,156422,39,Entertainment,1,7,$156422
1608,1609,Male,17,131863,94,Artist,1,7,$131863
1609,1610,Male,71,118096,36,Lawyer,0,3,$118096
1610,1611,Male,87,149685,30,Executive,9,6,$149685
1611,1612,Female,68,89765,28,Artist,0,7,$89765
1612,1613,Female,14,177701,49,Entertainment,0,6,$177701
1613,1614,Male,24,64738,67,Artist,0,6,$64738
1614,1615,Female,10,92734,28,Lawyer,1,4,$92734
1615,1616,Female,53,146877,47,Healthcare,4,3,$146877
1616,1617,Female,39,62935,60,Artist,0,7,$62935
1617,1618,Female,16,67178,17,Entertainment,8,3,$67178
1618,1619,Female,64,115754,35,Engineer,1,3,$115754
1619,1620,Female,41,186470,21,Artist,0,7,$186470
1620,1621,Male,16,100939,34,Healthcare,7,6,$100939
1621,1622,Female,94,86172,55,Artist,4,4,$86172
1622,1623,Female,40,184222,17,Healthcare,0,2,$184222
1623,1624,Male,81,71543,1,Entertainment,1,4,$71543
1624,1625,Female,18,174836,63,Healthcare,0,4,$174836
1625,1626,Female,78,130706,72,,3,6,$130706
1626,1627,Male,8,74407,100,Doctor,0,6,$74407
1627,1628,Male,64,130055,46,Healthcare,2,1,$130055
1628,1629,Male,45,88707,81,Healthcare,0,5,$88707
1629,1630,Male,99,162762,52,Healthcare,1,1,$162762
1630,1631,Male,59,154821,77,Doctor,0,2,$154821
1631,1632,Male,53,57248,66,Lawyer,5,5,$57248
1632,1633,Female,66,99902,54,Engineer,10,2,$99902
1633,1634,Female,1,165711,50,Artist,1,2,$165711
1634,1635,Male,73,97455,55,,6,4,$97455
1635,1636,Female,34,93866,43,Entertainment,9,2,$93866
1636,1637,Female,1,141307,17,Healthcare,1,3,$141307
1637,1638,Male,73,172011,9,Doctor,1,5,$172011
1638,1639,Male,90,68138,18,Healthcare,2,7,$68138
1639,1640,Female,32,123246,100,Homemaker,8,6,$123246
1640,1641,Female,47,124194,32,Doctor,1,7,$124194
1641,1642,Male,15,188696,87,Homemaker,8,3,$188696
1642,1643,Female,78,91213,84,Lawyer,3,5,$91213
1643,1644,Female,83,166650,99,Healthcare,1,3,$166650
1644,1645,Male,2,52727,60,Artist,1,3,$52727
1645,1646,Male,75,126469,86,Entertainment,1,2,$126469
1646,1647,Male,45,138775,17,Executive,0,7,$138775
1647,1648,Female,49,68901,70,Doctor,7,7,$68901
1648,1649,Female,41,118621,7,Homemaker,0,7,$118621
1649,1650,Male,34,109263,77,Entertainment,0,1,$109263
1650,1651,Male,82,150012,83,Healthcare,3,6,$150012
1651,1652,Male,37,133850,85,Marketing,9,3,$133850
1652,1653,Female,25,81640,95,Entertainment,1,6,$81640
1653,1654,Female,52,133214,1,Marketing,9,7,$133214
1654,1655,Female,23,186723,42,Entertainment,8,5,$186723
1655,1656,Female,96,92100,23,Artist,9,3,$92100
1656,1657,Male,5,64484,10,Homemaker,0,5,$64484
1657,1658,Female,47,69024,3,Healthcare,4,5,$69024
1658,1659,Male,81,171194,55,Artist,0,5,$171194
1659,1660,Female,4,183282,34,Artist,1,1,$183282
1660,1661,Female,8,100099,74,Healthcare,1,3,$100099
1661,1662,Female,35,164435,26,Lawyer,1,3,$164435
1662,1663,Male,67,172407,60,Doctor,9,3,$172407
1663,1664,Female,9,84781,14,Executive,1,3,$84781
1664,1665,Male,82,186130,61,Lawyer,3,7,$186130
1665,1666,Female,2,56782,10,Artist,9,5,$56782
1666,1667,Male,95,137206,4,Artist,0,4,$137206
1667,1668,Female,9,146950,92,Doctor,6,5,$146950
1668,1669,Female,99,174275,4,Healthcare,0,2,$174275
1669,1670,Male,96,97705,41,Homemaker,8,2,$97705
1670,1671,Male,92,188984,69,Lawyer,1,4,$188984
1671,1672,Male,24,119238,55,Artist,1,3,$119238
1672,1673,Male,58,87923,19,Entertainment,0,5,$87923
1673,1674,Male,15,128573,97,Executive,1,1,$128573
1674,1675,Female,13,132374,96,Marketing,0,3,$132374
1675,1676,Female,51,135164,75,Artist,9,3,$135164
1676,1677,Male,9,165194,10,Artist,8,3,$165194
1677,1678,Male,0,126060,92,Doctor,1,3,$126060
1678,1679,Male,67,89366,55,Healthcare,9,3,$89366
1679,1680,Male,58,95172,77,Healthcare,1,5,$95172
1680,1681,Female,55,95975,49,Executive,0,1,$95975
1681,1682,Female,52,165573,59,Healthcare,0,7,$165573
1682,1683,Male,83,180887,59,Entertainment,1,1,$180887
1683,1684,Female,83,142720,86,Executive,0,1,$142720
1684,1685,Female,90,113460,54,Lawyer,1,7,$113460
1685,1686,Male,87,110434,20,Artist,7,3,$110434
1686,1687,Female,67,146016,38,Artist,1,6,$146016
1687,1688,Male,81,101073,67,Executive,0,7,$101073
1688,1689,Female,36,62617,10,Artist,9,3,$62617
1689,1690,Female,51,96028,37,Artist,0,5,$96028
1690,1691,Female,31,186334,37,Artist,0,1,$186334
1691,1692,Female,57,163473,52,Artist,0,1,$163473
1692,1693,Male,83,89819,59,Artist,4,2,$89819
1693,1694,Female,51,69388,33,Engineer,3,4,$69388
1694,1695,Female,15,134748,76,Marketing,1,6,$134748
1695,1696,Female,18,149915,94,Doctor,14,1,$149915
1696,1697,Female,88,104098,48,Healthcare,1,6,$104098
1697,1698,Male,70,80160,10,Artist,8,5,$80160
1698,1699,Male,9,124125,91,Artist,1,2,$124125
1699,1700,Male,6,170226,31,Lawyer,0,3,$170226
1700,1701,Female,8,53306,98,Engineer,0,2,$53306
1701,1702,Male,55,103933,31,Executive,6,3,$103933
1702,1703,Female,69,85401,10,Entertainment,4,6,$85401
1703,1704,Female,18,53812,32,Homemaker,9,5,$53812
1704,1705,Female,13,60771,50,Entertainment,1,7,$60771
1705,1706,Female,69,56398,75,Entertainment,8,3,$56398
1706,1707,Female,69,171118,91,Engineer,9,3,$171118
1707,1708,Male,69,79806,73,Healthcare,0,5,$79806
1708,1709,Female,89,150187,35,Healthcare,0,5,$150187
1709,1710,Female,45,129455,14,Lawyer,0,3,$129455
1710,1711,Female,75,116813,72,Entertainment,10,6,$116813
1711,1712,Female,54,95734,39,Homemaker,8,7,$95734
1712,1713,Male,33,76654,48,Artist,4,1,$76654
1713,1714,Male,67,86289,96,Artist,1,5,$86289
1714,1715,Male,26,176147,19,Healthcare,0,1,$176147
1715,1716,Female,5,142351,97,Entertainment,0,7,$142351
1716,1717,Male,65,186673,51,Doctor,1,1,$186673
1717,1718,Female,94,131521,62,Artist,0,6,$131521
1718,1719,Female,95,50223,15,Entertainment,8,1,$50223
1719,1720,Female,48,74308,23,Entertainment,1,2,$74308
1720,1721,Female,41,155881,22,Lawyer,0,7,$155881
1721,1722,Female,92,168303,16,Executive,9,4,$168303
1722,1723,Male,44,182748,58,Engineer,1,7,$182748
1723,1724,Female,35,52374,73,Artist,1,1,$52374
1724,1725,Female,34,86154,17,Doctor,1,2,$86154
1725,1726,Female,52,163612,51,Executive,0,5,$163612
1726,1727,Female,64,64756,17,Marketing,10,1,$64756
1727,1728,Male,62,185257,58,Artist,1,4,$185257
1728,1729,Male,58,78669,75,Artist,1,7,$78669
1729,1730,Male,15,164520,47,Artist,1,7,$164520
1730,1731,Female,65,92135,49,Homemaker,6,4,$92135
1731,1732,Male,20,103195,68,Doctor,0,7,$103195
1732,1733,Female,21,161663,36,Executive,1,7,$161663
1733,1734,Female,79,57039,34,Artist,2,6,$57039
1734,1735,Female,91,54754,4,Artist,0,2,$54754
1735,1736,Female,92,136531,76,Engineer,1,4,$136531
1736,1737,Male,62,120838,79,Artist,1,4,$120838
1737,1738,Male,94,127927,48,Doctor,0,4,$127927
1738,1739,Male,10,164214,77,Lawyer,0,4,$164214
1739,1740,Female,53,145498,66,Artist,8,4,$145498
1740,1741,Male,7,129215,69,Entertainment,9,6,$129215
1741,1742,Female,92,152429,76,Entertainment,0,2,$152429
1742,1743,Female,12,89252,31,Entertainment,0,5,$89252
1743,1744,Female,31,147447,23,Doctor,6,7,$147447
1744,1745,Female,93,74467,33,Lawyer,5,1,$74467
1745,1746,Female,66,127410,37,Engineer,8,2,$127410
1746,1747,Male,49,91290,44,Healthcare,7,7,$91290
1747,1748,Female,64,92812,97,Artist,5,7,$92812
1748,1749,Female,27,170166,18,Artist,10,4,$170166
1749,1750,Female,33,150823,75,Artist,4,1,$150823
1750,1751,Male,79,95839,30,Executive,7,2,$95839
1751,1752,Female,14,60175,60,Executive,9,7,$60175
1752,1753,Female,22,153024,91,Artist,10,7,$153024
1753,1754,Female,8,116858,67,Artist,5,7,$116858
1754,1755,Female,6,122961,47,Doctor,8,2,$122961
1755,1756,Male,81,141471,45,Artist,8,6,$141471
1756,1757,Male,69,76155,14,Healthcare,8,7,$76155
1757,1758,Male,0,108169,24,Executive,10,3,$108169
1758,1759,Female,61,139520,39,Artist,8,4,$139520
1759,1760,Male,62,182631,52,Artist,5,3,$182631
1760,1761,Female,95,177134,78,Healthcare,10,2,$177134
1761,1762,Female,32,181703,54,Lawyer,6,2,$181703
1762,1763,Female,13,61917,16,Artist,7,2,$61917
1763,1764,Female,1,140648,36,Executive,9,7,$140648
1764,1765,Female,63,176783,40,Doctor,9,4,$176783
1765,1766,Male,75,59741,67,Artist,10,5,$59741
1766,1767,Female,43,156567,89,Engineer,7,6,$156567
1767,1768,Female,29,110309,21,Artist,6,2,$110309
1768,1769,Female,82,111077,55,Artist,9,7,$111077
1769,1770,Female,87,170333,96,Entertainment,4,2,$170333
1770,1771,Male,66,183339,39,Artist,7,4,$183339
1771,1772,Female,99,84167,46,Artist,10,7,$84167
1772,1773,Female,54,184815,50,Lawyer,6,3,$184815
1773,1774,Female,49,122556,74,Artist,9,7,$122556
1774,1775,Female,60,174768,66,Entertainment,9,2,$174768
1775,1776,Male,75,172309,82,Executive,4,1,$172309
1776,1777,Male,77,117920,4,Doctor,10,4,$117920
1777,1778,Male,34,134882,61,Artist,10,3,$134882
1778,1779,Female,63,77259,11,Lawyer,6,6,$77259
1779,1780,Male,38,170019,38,Artist,7,2,$170019
1780,1781,Female,68,176884,94,Engineer,10,2,$176884
1781,1782,Female,80,106709,93,Marketing,10,2,$106709
1782,1783,Female,8,168723,31,Homemaker,7,2,$168723
1783,1784,Female,86,90228,68,Engineer,7,5,$90228
1784,1785,Female,1,89473,85,Lawyer,10,4,$89473
1785,1786,Male,56,131911,42,Healthcare,7,7,$131911
1786,1787,Female,14,140107,63,Marketing,6,6,$140107
1787,1788,Female,4,170403,44,Artist,4,5,$170403
1788,1789,Female,58,51416,46,,7,5,$51416
1789,1790,Female,6,52648,2,Artist,5,2,$52648
1790,1791,Male,17,125471,48,Engineer,7,1,$125471
1791,1792,Female,55,106153,62,Artist,10,1,$106153
1792,1793,Male,14,124785,28,Lawyer,7,2,$124785
1793,1794,Female,22,101474,14,Homemaker,10,2,$101474
1794,1795,Female,8,141359,65,Healthcare,4,5,$141359
1795,1796,Female,70,57596,96,Artist,4,1,$57596
1796,1797,Female,67,78489,81,Artist,7,5,$78489
1797,1798,Male,50,112957,71,Executive,5,3,$112957
1798,1799,Male,72,82377,37,Engineer,9,2,$82377
1799,1800,Male,76,82315,53,Engineer,6,1,$82315
1800,1801,Male,80,93253,51,Artist,4,5,$93253
1801,1802,Male,20,189650,60,Lawyer,8,4,$189650
1802,1803,Female,89,114858,53,Artist,10,1,$114858
1803,1804,Female,18,62151,18,Artist,8,2,$62151
1804,1805,Female,75,135159,12,Engineer,7,6,$135159
1805,1806,Female,5,126263,55,Marketing,6,3,$126263
1806,1807,Female,79,123064,41,Artist,10,4,$123064
1807,1808,Female,31,181773,40,Healthcare,8,1,$181773
1808,1809,Male,92,171794,65,Artist,6,5,$171794
1809,1810,Female,15,156339,27,Homemaker,6,2,$156339
1810,1811,Male,94,65483,84,Marketing,10,7,$65483
1811,1812,Female,35,145654,22,Executive,6,3,$145654
1812,1813,Female,68,91609,43,Entertainment,8,1,$91609
1813,1814,Female,29,53002,73,Lawyer,5,5,$53002
1814,1815,Male,87,115699,61,Healthcare,9,1,$115699
1815,1816,Male,33,149609,44,Executive,9,2,$149609
1816,1817,Female,29,165254,7,Executive,9,7,$165254
1817,1818,Male,43,50418,49,Healthcare,5,1,$50418
1818,1819,Male,43,103531,90,Artist,10,5,$103531
1819,1820,Female,66,184060,98,Artist,10,5,$184060
1820,1821,Male,23,75961,70,Executive,5,7,$75961
1821,1822,Male,87,174163,28,Artist,4,2,$174163
1822,1823,Female,81,105255,54,Executive,8,3,$105255
1823,1824,Male,42,51860,4,Lawyer,4,5,$51860
1824,1825,Female,32,185218,83,Healthcare,4,6,$185218
1825,1826,Male,7,189709,18,Artist,6,6,$189709
1826,1827,Female,91,134665,66,Artist,7,2,$134665
1827,1828,Male,95,91352,9,Doctor,7,3,$91352
1828,1829,Female,10,154623,21,Artist,6,6,$154623
1829,1830,Female,20,113767,88,Artist,6,2,$113767
1830,1831,Male,5,160469,61,Lawyer,8,1,$160469
1831,1832,Female,84,99418,27,Artist,4,2,$99418
1832,1833,Male,54,56215,34,Healthcare,10,4,$56215
1833,1834,Male,12,55639,63,Healthcare,8,1,$55639
1834,1835,Female,90,62504,99,Artist,10,4,$62504
1835,1836,Female,19,151382,38,Lawyer,1,1,$151382
1836,1837,Female,91,156574,96,Marketing,0,7,$156574
1837,1838,Female,90,60998,35,Entertainment,1,7,$60998
1838,1839,Female,60,108509,36,Doctor,0,2,$108509
1839,1840,Female,68,85540,49,Homemaker,9,1,$85540
1840,1841,Female,43,73915,47,Artist,11,2,$73915
1841,1842,Male,52,148901,77,Healthcare,4,4,$148901
1842,1843,Male,81,152602,91,Entertainment,0,1,$152602
1843,1844,Female,54,58999,22,Entertainment,7,3,$58999
1844,1845,Female,43,133740,37,Artist,5,4,$133740
1845,1846,Female,20,113217,41,Lawyer,9,1,$113217
1846,1847,Female,71,60209,46,Artist,1,3,$60209
1847,1848,Female,26,145491,72,Entertainment,9,5,$145491
1848,1849,Female,75,61393,65,Doctor,7,5,$61393
1849,1850,Female,52,133252,55,Artist,1,1,$133252
1850,1851,Female,40,187234,14,Doctor,0,5,$187234
1851,1852,Male,5,145563,60,Entertainment,9,6,$145563
1852,1853,Female,46,165810,38,Healthcare,3,5,$165810
1853,1854,Male,98,125181,30,Artist,0,7,$125181
1854,1855,Female,84,56809,96,Healthcare,1,2,$56809
1855,1856,Male,35,69419,68,Healthcare,9,1,$69419
1856,1857,Female,78,70689,54,Artist,1,4,$70689
1857,1858,Male,64,55011,53,Artist,1,7,$55011
1858,1859,Female,98,87955,79,Engineer,0,2,$87955
1859,1860,Male,66,153660,24,Healthcare,0,5,$153660
1860,1861,Male,32,104494,28,Healthcare,6,4,$104494
1861,1862,Male,22,184443,44,Executive,3,7,$184443
1862,1863,Female,17,150778,35,Entertainment,1,7,$150778
1863,1864,Female,22,88729,81,Engineer,1,1,$88729
1864,1865,Male,9,151902,18,Artist,0,2,$151902
1865,1866,Male,24,51604,4,Artist,0,2,$51604
1866,1867,Female,8,157316,75,Artist,9,3,$157316
1867,1868,Female,52,125508,15,Artist,1,6,$125508
1868,1869,Male,62,186157,54,Healthcare,1,1,$186157
1869,1870,Female,37,169381,45,Entertainment,0,4,$169381
1870,1871,Male,68,110195,47,Homemaker,9,2,$110195
1871,1872,Female,63,81199,80,Entertainment,1,2,$81199
1872,1873,Female,15,58459,67,Executive,0,6,$58459
1873,1874,Female,44,173682,89,Artist,12,6,$173682
1874,1875,Male,18,162983,16,Entertainment,0,6,$162983
1875,1876,Male,30,94480,1,Executive,0,4,$94480
1876,1877,Female,69,168710,80,Doctor,1,4,$168710
1877,1878,Male,16,150193,83,Engineer,2,2,$150193
1878,1879,Female,71,91823,74,Artist,1,4,$91823
1879,1880,Female,24,173091,24,Entertainment,6,2,$173091
1880,1881,Male,57,102692,94,Healthcare,0,2,$102692
1881,1882,Male,97,156812,77,Healthcare,0,6,$156812
1882,1883,Male,68,51468,48,Artist,0,3,$51468
1883,1884,Female,11,114071,37,Healthcare,0,2,$114071
1884,1885,Female,63,155638,81,,1,4,$155638
1885,1886,Male,68,129971,61,Artist,8,3,$129971
1886,1887,Female,69,104160,77,Engineer,4,4,$104160
1887,1888,Female,77,124995,66,Healthcare,0,1,$124995
1888,1889,Female,73,180437,50,Entertainment,1,5,$180437
1889,1890,Female,19,134644,96,Executive,1,2,$134644
1890,1891,Female,1,130089,67,Artist,0,5,$130089
1891,1892,Male,71,149318,27,Artist,4,1,$149318
1892,1893,Male,6,125591,79,Healthcare,8,6,$125591
1893,1894,Female,68,173047,17,Healthcare,0,3,$173047
1894,1895,Female,39,61298,91,Artist,0,5,$61298
1895,1896,Male,75,132993,55,Entertainment,8,2,$132993
1896,1897,Female,65,72313,36,Lawyer,1,5,$72313
1897,1898,Female,30,84885,9,Entertainment,6,5,$84885
1898,1899,Male,46,126228,95,Marketing,8,2,$126228
1899,1900,Male,40,51199,29,Executive,7,7,$51199
1900,1901,Female,40,54631,70,Artist,0,6,$54631
1901,1902,Female,20,131810,16,Healthcare,5,7,$131810
1902,1903,Male,88,138482,59,Marketing,8,4,$138482
1903,1904,Male,85,74081,87,Healthcare,4,3,$74081
1904,1905,Male,94,112426,54,Engineer,9,6,$112426
1905,1906,Female,52,164038,53,,5,4,$164038
1906,1907,Female,68,53552,97,Marketing,7,6,$53552
1907,1908,Male,15,142147,78,Artist,8,4,$142147
1908,1909,Male,4,180324,41,Artist,9,2,$180324
1909,1910,Male,59,149067,78,Doctor,9,7,$149067
1910,1911,Male,32,184408,38,Entertainment,6,7,$184408
1911,1912,Female,8,59116,45,Artist,10,6,$59116
1912,1913,Female,92,174786,94,Executive,4,3,$174786
1913,1914,Male,9,71076,2,Artist,8,1,$71076
1914,1915,Female,41,56837,4,Healthcare,8,4,$56837
1915,1916,Female,18,134752,47,Engineer,6,5,$134752
1916,1917,Female,78,112887,80,Entertainment,9,6,$112887
1917,1918,Female,0,73128,74,Artist,7,5,$73128
1918,1919,Female,11,152765,17,Healthcare,8,1,$152765
1919,1920,Female,36,140637,19,Executive,8,7,$140637
1920,1921,Male,46,137973,50,Healthcare,7,7,$137973
1921,1922,Female,95,126791,34,Artist,6,4,$126791
1922,1923,Female,97,75125,89,Executive,8,3,$75125
1923,1924,Male,2,101718,11,Executive,8,3,$101718
1924,1925,Female,94,69654,30,Homemaker,4,4,$69654
1925,1926,Female,0,105935,46,Doctor,4,5,$105935
1926,1927,Male,3,74607,69,Healthcare,6,1,$74607
1927,1928,Male,77,151985,29,Healthcare,4,7,$151985
1928,1929,Male,70,76892,64,Executive,5,2,$76892
1929,1930,Male,58,87602,25,Executive,5,3,$87602
1930,1931,Male,72,182317,46,Healthcare,8,6,$182317
1931,1932,Male,90,158280,92,Executive,6,7,$158280
1932,1933,Female,23,59905,79,,7,5,$59905
1933,1934,Female,87,128153,42,Artist,7,6,$128153
1934,1935,Male,64,142612,58,Doctor,4,6,$142612
1935,1936,Female,15,180163,9,Doctor,10,7,$180163
1936,1937,Female,14,68009,17,Artist,9,3,$68009
1937,1938,Male,54,166183,65,Artist,7,6,$166183
1938,1939,Male,76,132537,44,Doctor,5,3,$132537
1939,1940,Female,76,146308,49,Artist,5,1,$146308
1940,1941,Female,52,63454,38,Artist,5,5,$63454
1941,1942,Male,96,110519,6,Artist,9,4,$110519
1942,1943,Female,55,66728,50,Healthcare,10,5,$66728
1943,1944,Female,54,170638,64,Artist,4,5,$170638
1944,1945,Male,19,129635,100,Artist,6,4,$129635
1945,1946,Male,29,133587,74,Marketing,5,3,$133587
1946,1947,Male,96,126225,47,Engineer,7,4,$126225
1947,1948,Female,20,148776,21,Artist,8,5,$148776
1948,1949,Female,91,142602,64,Lawyer,7,6,$142602
1949,1950,Male,37,102413,38,Healthcare,5,5,$102413
1950,1951,Male,42,68765,69,Entertainment,4,1,$68765
1951,1952,Male,1,57522,75,Artist,10,5,$57522
1952,1953,Female,58,149237,80,Entertainment,8,6,$149237
1953,1954,Female,42,184844,24,Entertainment,6,1,$184844
1954,1955,Female,48,131656,45,Lawyer,9,6,$131656
1955,1956,Female,11,181026,39,Marketing,6,2,$181026
1956,1957,Male,59,101698,87,Artist,9,3,$101698
1957,1958,Female,45,152560,32,Entertainment,9,2,$152560
1958,1959,Male,73,142502,97,Doctor,5,1,$142502
1959,1960,Female,85,155432,21,Engineer,4,6,$155432
1960,1961,Female,70,108544,49,Entertainment,4,5,$108544
1961,1962,Female,52,106530,46,Engineer,7,2,$106530
1962,1963,Male,70,124359,51,Homemaker,7,7,$124359
1963,1964,Female,88,146970,90,Artist,7,6,$146970
1964,1965,Male,61,182176,96,Artist,9,5,$182176
1965,1966,Female,46,114435,34,Artist,8,3,$114435
1966,1967,Male,65,134213,32,Homemaker,8,4,$134213
1967,1968,Female,84,115580,73,Entertainment,8,5,$115580
1968,1969,Female,76,124034,88,Executive,10,2,$124034
1969,1970,Male,31,67894,42,Doctor,9,1,$67894
1970,1971,Male,55,107099,89,Executive,4,6,$107099
1971,1972,Male,45,140263,88,Entertainment,10,5,$140263
1972,1973,Male,98,104249,12,Engineer,5,2,$104249
1973,1974,Male,40,168821,36,Executive,4,5,$168821
1974,1975,Female,14,153145,59,Healthcare,8,6,$153145
1975,1976,Female,41,128960,43,Executive,9,4,$128960
1976,1977,Male,60,127438,82,Engineer,7,2,$127438
1977,1978,Male,60,125968,100,Lawyer,8,2,$125968
1978,1979,Male,84,104589,85,Artist,10,2,$104589
1979,1980,Male,0,165321,93,Doctor,8,1,$165321
1980,1981,Female,10,86925,76,Artist,7,2,$86925
1981,1982,Female,62,149797,19,Artist,5,6,$149797
1982,1983,Male,33,137094,68,Lawyer,4,1,$137094
1983,1984,Female,52,55395,41,Marketing,10,1,$55395
1984,1985,Female,2,153622,51,Lawyer,6,6,$153622
1985,1986,Male,27,74050,44,Entertainment,8,1,$74050
1986,1987,Female,4,68094,61,Doctor,4,7,$68094
1987,1988,Male,63,59244,80,Artist,7,1,$59244
1988,1989,Female,54,118944,77,Artist,4,4,$118944
1989,1990,Female,47,75293,55,Doctor,6,7,$75293
1990,1991,Female,30,166983,69,Artist,7,3,$166983
1991,1992,Female,97,129444,96,Entertainment,5,6,$129444
1992,1993,Male,94,181183,24,Marketing,9,3,$181183
1993,1994,Female,64,175254,100,Artist,9,5,$175254
1994,1995,Female,19,54121,89,Engineer,6,3,$54121
1995,1996,Female,71,184387,40,Artist,8,7,$184387
1996,1997,Female,91,73158,32,Doctor,7,7,$73158
1997,1998,Male,87,90961,14,Healthcare,9,2,$90961
1998,1999,Male,77,182109,4,Executive,7,2,$182109
1999,2000,Male,90,110610,52,Entertainment,5,2,$110610
