,Gender,Country,Hired on,Terminated on,ACTION,Grade,Unnamed: 6,Unnamed: 7,Unnamed: 8,Ethnicity
0,F,1,07/30/2007,02/04/2014,1,1.0,,07/30/200702/04/2014,,White
1,F,1,02/01/2006,06/08/2015,1,1.0,,02/01/200606/08/2015,,White
2,M,1,02/09/1998,07/11/2014,1,1.0,,02/09/199807/11/2014,,White
3,F,1,03/19/2012,09/02/2016,1,1.0,,03/19/201209/02/2016,,White
4,M,1,11/23/2006,06/19/2014,1,1.0,,11/23/200606/19/2014,,White
5,M,1,04/16/2003,08/30/2016,2,1.0,,04/16/200308/30/2016,,White
6,M,1,04/27/2004,07/02/2015,2,1.0,,04/27/200407/02/2015,,White
7,M,1,05/02/1983,10/30/2015,1,1.0,,05/02/198310/30/2015,,White
8,F,1,07/16/2012,02/27/2015,1,7.0,,07/16/201202/27/2015,,White
9,F,1,07/23/2012,04/17/2014,1,1.0,,07/23/201204/17/2014,,White
10,M,1,09/24/2001,01/17/2014,2,1.0,,09/24/200101/17/2014,,White
11,M,1,06/14/2007,07/11/2014,1,1.0,,06/14/200707/11/2014,,White
12,M,1,10/21/2013,08/18/2014,1,1.0,,10/21/201308/18/2014,,White
13,F,1,12/09/2013,02/27/2014,1,1.0,,12/09/201302/27/2014,,White
14,F,1,01/13/2014,01/06/2017,1,1.0,,01/13/201401/06/2017,,White
15,F,1,02/03/2014,04/24/2015,1,1.0,,02/03/201404/24/2015,,White
16,M,1,07/30/2007,10/07/2015,1,1.0,,07/30/200710/07/2015,,White
17,M,2,05/07/2007,07/07/2015,2,1.0,,05/07/200707/07/2015,,White
18,F,2,08/01/2011,06/23/2014,2,1.0,,08/01/201106/23/2014,,White
19,M,2,10/17/2011,04/14/2014,1,1.0,,10/17/201104/14/2014,,White
20,F,2,02/18/2013,03/27/2014,1,1.0,,02/18/201303/27/2014,,White
21,F,2,10/20/2014,12/17/2014,1,1.0,,10/20/201412/17/2014,,White
22,F,2,10/02/2006,01/20/2015,2,1.0,,10/02/200601/20/2015,,White
23,M,2,08/18/2008,03/25/2014,1,1.0,,08/18/200803/25/2014,,White
24,F,2,09/14/2009,09/26/2014,1,1.0,,09/14/200909/26/2014,,White
25,M,2,08/02/2010,01/30/2015,1,1.0,,08/02/201001/30/2015,,White
26,M,2,02/17/2014,02/27/2015,1,1.0,,02/17/201402/27/2015,,White
27,F,2,02/17/2014,02/20/2014,2,1.0,,02/17/201402/20/2014,,White
28,F,2,10/04/2010,03/20/2014,2,1.0,,10/04/201003/20/2014,,White
29,M,2,04/28/2014,03/20/2015,1,1.0,,04/28/201403/20/2015,,White
30,M,2,05/05/2014,07/11/2014,1,1.0,,05/05/201407/11/2014,,White
31,M,1,04/24/2008,04/30/2014,1,1.0,,04/24/200804/30/2014,,White
32,F,2,04/04/2011,05/01/2015,2,1.0,,04/04/201105/01/2015,,White
33,F,2,05/16/2011,06/19/2015,1,1.0,,05/16/201106/19/2015,,White
34,M,2,09/16/2013,01/06/2014,1,1.0,,09/16/201301/06/2014,,White
35,M,2,07/21/2014,08/11/2015,2,1.0,,07/21/201408/11/2015,,White
36,M,2,03/24/2014,02/02/2015,1,1.0,,03/24/201402/02/2015,,White
37,M,2,05/12/2014,08/29/2014,1,1.0,,05/12/201408/29/2014,,White
38,M,2,04/08/2013,08/06/2015,2,1.0,,04/08/201308/06/2015,,White
39,M,1,03/16/2009,03/06/2015,1,1.0,,03/16/200903/06/2015,,White
40,F,1,10/16/2012,07/02/2014,2,1.0,,10/16/201207/02/2014,,White
41,F,1,10/02/2000,02/14/2014,1,1.0,,10/02/200002/14/2014,,White
42,M,2,08/29/2011,04/03/2015,2,1.0,,08/29/201104/03/2015,,White
43,M,2,07/03/2006,05/02/2014,1,1.0,,07/03/200605/02/2014,,White
44,M,2,09/19/2011,09/02/2014,1,1.0,,09/19/201109/02/2014,,White
45,M,1,08/26/2014,09/24/2015,1,1.0,,08/26/201409/24/2015,,White
46,M,1,08/05/2014,10/08/2014,2,1.0,,08/05/201410/08/2014,,White
47,M,2,10/18/2010,08/14/2014,2,1.0,,10/18/201008/14/2014,,White
48,F,2,06/20/2011,05/09/2014,1,1.0,,06/20/201105/09/2014,,White
49,F,2,10/26/2010,05/30/2014,1,1.0,,10/26/201005/30/2014,,White
50,M,1,12/01/1993,07/02/2014,2,1.0,,12/01/199307/02/2014,,White
51,M,2,07/22/2013,06/02/2015,1,1.0,,07/22/201306/02/2015,,White
52,F,2,09/03/2013,09/08/2014,1,1.0,,09/03/201309/08/2014,,White
53,M,2,10/14/2013,07/28/2015,1,1.0,,10/14/201307/28/2015,,White
54,F,1,03/24/2010,11/07/2014,1,1.0,,03/24/201011/07/2014,,White
55,M,2,02/03/2014,10/31/2014,1,1.0,,02/03/201410/31/2014,,White
56,M,2,02/24/2014,10/02/2014,1,5.0,,02/24/201410/02/2014,,White
57,M,2,12/09/2013,09/11/2015,1,1.0,,12/09/201309/11/2015,,White
58,F,2,07/28/2008,01/16/2014,1,1.0,,07/28/200801/16/2014,,White
59,F,2,03/13/2014,06/13/2014,1,2.0,,03/13/201406/13/2014,,White
60,M,2,03/05/2007,04/30/2015,1,1.0,,03/05/200704/30/2015,,White
61,F,2,12/15/2008,04/09/2015,1,3.0,,12/15/200804/09/2015,,White
62,M,2,07/05/2012,03/21/2014,1,1.0,,07/05/201203/21/2014,,White
63,M,1,05/22/2012,02/12/2016,1,1.0,,05/22/201202/12/2016,,White
64,M,1,11/25/2013,08/21/2015,1,1.0,,11/25/201308/21/2015,,White
65,F,2,10/01/2014,04/30/2015,1,1.0,,10/01/201404/30/2015,,White
66,M,2,07/29/2014,07/31/2014,1,1.0,,07/29/201407/31/2014,,White
67,M,2,07/11/2011,03/31/2014,1,1.0,,07/11/201103/31/2014,,White
68,F,1,08/29/2005,11/30/2016,2,1.0,,08/29/200511/30/2016,,White
69,M,1,10/01/2012,09/23/2015,2,1.0,,10/01/201209/23/2015,,White
70,M,1,08/29/2011,01/29/2016,1,1.0,,08/29/201101/29/2016,,White
71,M,1,08/12/2013,03/07/2014,1,1.0,,08/12/201303/07/2014,,White
72,M,2,01/03/2000,07/02/2015,1,1.0,,01/03/200007/02/2015,,White
73,F,2,04/10/2002,03/03/2014,1,1.0,,04/10/200203/03/2014,,White
74,F,2,03/03/2014,08/28/2015,1,1.0,,03/03/201408/28/2015,,White
75,M,2,05/07/2012,03/28/2014,1,1.0,,05/07/201203/28/2014,,White
76,F,2,11/08/2010,03/13/2015,1,1.0,,11/08/201003/13/2015,,White
77,M,2,06/21/2010,03/14/2014,1,1.0,,06/21/201003/14/2014,,White
78,M,1,03/25/2013,09/29/2015,1,1.0,,03/25/201309/29/2015,,White
79,M,2,01/07/2008,01/05/2015,1,1.0,,01/07/200801/05/2015,,White
80,M,2,01/26/2004,06/12/2015,1,6.0,,01/26/200406/12/2015,,White
81,M,2,04/28/2014,05/01/2015,1,1.0,,04/28/201405/01/2015,,White
82,M,2,04/09/2014,10/03/2014,1,5.0,,04/09/201410/03/2014,,White
83,M,1,01/27/2014,01/06/2016,1,1.0,,01/27/201401/06/2016,,White
84,M,2,05/21/2014,07/22/2015,1,1.0,,05/21/201407/22/2015,,White
85,M,2,08/19/1996,06/09/2015,2,1.0,,08/19/199606/09/2015,,White
86,F,2,06/03/2014,04/10/2015,1,1.0,,06/03/201404/10/2015,,White
87,F,1,10/29/2014,12/19/2016,1,1.0,,10/29/201412/19/2016,,White
88,F,1,11/03/2014,07/10/2015,1,1.0,,11/03/201407/10/2015,,White
89,M,2,11/26/2014,01/29/2015,2,3.0,,11/26/201401/29/2015,,White
90,M,2,11/10/2014,08/04/2015,2,1.0,,11/10/201408/04/2015,,White
91,M,2,11/03/2008,12/19/2014,1,3.0,,11/03/200812/19/2014,,White
92,M,1,02/05/2015,11/11/2016,1,1.0,,02/05/201511/11/2016,,White
93,M,2,02/09/2015,08/07/2015,1,1.0,,02/09/201508/07/2015,,White
94,M,1,03/30/2015,06/26/2015,1,1.0,,03/30/201506/26/2015,,White
95,M,2,03/23/2015,06/26/2015,1,1.0,,03/23/201506/26/2015,,White
96,F,2,05/18/2015,08/18/2015,1,1.0,,05/18/201508/18/2015,,White
97,M,1,03/19/2012,08/21/2015,1,1.0,,03/19/201208/21/2015,,White
98,F,1,08/10/2015,08/31/2016,1,1.0,,08/10/201508/31/2016,,White
99,F,2,09/05/2014,05/26/2016,1,4.0,,09/05/201405/26/2016,,White
100,M,2,10/06/2014,12/31/2015,1,4.0,,10/06/201412/31/2015,,White
101,M,2,12/01/2014,01/20/2016,1,1.0,,12/01/201401/20/2016,,White
102,M,2,01/21/2014,10/27/2015,1,1.0,,01/21/201410/27/2015,,White
103,M,2,09/28/2009,12/16/2016,2,2.0,,09/28/200912/16/2016,,White
104,M,2,11/30/2009,07/29/2016,1,1.0,,11/30/200907/29/2016,,White
105,F,2,01/03/2005,01/08/2016,2,1.0,,01/03/200501/08/2016,,White
106,M,2,02/01/2010,06/16/2016,1,2.0,,02/01/201006/16/2016,,White
107,M,2,04/01/2010,01/28/2016,1,1.0,,04/01/201001/28/2016,,White
108,M,2,02/09/2015,11/13/2015,2,1.0,,02/09/201511/13/2015,,White
109,M,2,01/12/2011,12/29/2015,1,1.0,,01/12/201112/29/2015,,White
110,M,2,10/15/2013,04/07/2016,1,1.0,,10/15/201304/07/2016,,White
111,M,2,10/06/2004,11/13/2015,1,1.0,,10/06/200411/13/2015,,White
112,M,2,08/01/2011,11/08/2016,1,1.0,,08/01/201111/08/2016,,White
113,M,2,11/07/2011,09/01/2016,1,1.0,,11/07/201109/01/2016,,White
114,M,2,03/27/2012,08/31/2016,1,1.0,,03/27/201208/31/2016,,White
115,M,2,09/05/2006,06/30/2016,2,3.0,,09/05/200606/30/2016,,White
116,M,2,10/29/2012,04/22/2016,1,1.0,,10/29/201204/22/2016,,White
117,F,2,03/04/2013,09/20/2016,2,1.0,,03/04/201309/20/2016,,White
118,F,2,06/18/2007,10/14/2016,1,1.0,,06/18/200710/14/2016,,White
119,M,2,10/28/2013,09/23/2016,1,1.0,,10/28/201309/23/2016,,White
120,F,2,02/18/2008,03/18/2016,1,1.0,,02/18/200803/18/2016,,White
121,M,2,02/24/2014,04/29/2016,2,5.0,,02/24/201404/29/2016,,White
122,M,2,07/07/2014,01/06/2017,1,5.0,,07/07/201401/06/2017,,White
123,M,2,10/05/2015,04/22/2016,1,1.0,,10/05/201504/22/2016,,White
124,F,2,10/14/2002,06/26/2015,1,1.0,,10/14/200206/26/2015,,White
125,F,2,07/06/2015,12/23/2015,1,1.0,,07/06/201512/23/2015,,White
126,F,1,08/24/2015,08/05/2016,1,1.0,,08/24/201508/05/2016,,White
127,M,2,12/04/2015,02/29/2016,2,1.0,,12/04/201502/29/2016,,White
128,M,2,12/31/2012,11/06/2015,1,1.0,,12/31/201211/06/2015,,White
129,M,2,08/15/2006,09/28/2015,1,1.0,,08/15/200609/28/2015,,White
130,F,2,02/23/2015,11/20/2015,1,1.0,,02/23/201511/20/2015,,White
131,M,2,03/02/2015,08/02/2016,2,1.0,,03/02/201508/02/2016,,White
132,M,2,09/21/2015,03/03/2016,1,1.0,,09/21/201503/03/2016,,White
133,M,2,05/29/2015,03/04/2016,1,1.0,,05/29/201503/04/2016,,White
134,M,2,12/13/2010,08/21/2015,1,3.0,,12/13/201008/21/2015,,White
135,F,2,12/28/2015,10/12/2016,1,1.0,,12/28/201510/12/2016,,White
136,F,2,09/13/2010,01/07/2016,1,1.0,,09/13/201001/07/2016,,White
137,F,1,01/04/2016,03/14/2016,1,1.0,,01/04/201603/14/2016,,White
138,M,2,05/12/2014,07/11/2016,1,1.0,,05/12/201407/11/2016,,White
139,M,1,12/07/2015,05/03/2016,1,1.0,,12/07/201505/03/2016,,White
140,M,1,12/14/2015,03/16/2016,1,1.0,,12/14/201503/16/2016,,White
141,M,2,11/10/2003,04/01/2016,1,5.0,,11/10/200304/01/2016,,White
142,M,2,05/16/2005,09/23/2016,1,1.0,,05/16/200509/23/2016,,White
143,M,2,06/23/2014,01/24/2017,2,1.0,,06/23/201401/24/2017,,White
144,M,2,07/13/2015,10/18/2016,1,1.0,,07/13/201510/18/2016,,White
145,M,2,02/02/2009,01/22/2016,1,2.0,,02/02/200901/22/2016,,White
146,F,2,08/16/2010,11/23/2015,1,1.0,,08/16/201011/23/2015,,White
147,M,2,05/23/2011,08/17/2016,1,1.0,,05/23/201108/17/2016,,White
148,M,2,01/12/2015,07/18/2016,1,1.0,,01/12/201507/18/2016,,White
149,M,2,07/08/2013,06/24/2016,2,1.0,,07/08/201306/24/2016,,White
150,M,2,03/31/2014,12/18/2015,1,1.0,,03/31/201412/18/2015,,White
151,M,2,07/28/2014,09/17/2015,2,1.0,,07/28/201409/17/2015,,White
152,F,2,12/28/2015,02/23/2016,1,1.0,,12/28/201502/23/2016,,White
153,F,2,01/11/2016,07/07/2016,1,1.0,,01/11/201607/07/2016,,White
154,M,1,10/26/2015,04/08/2016,1,1.0,,10/26/201504/08/2016,,White
155,M,1,02/16/2016,04/18/2016,1,1.0,,02/16/201604/18/2016,,White
156,F,1,02/01/2016,03/30/2016,1,1.0,,02/01/201603/30/2016,,White
157,M,2,05/17/2004,08/31/2015,1,4.0,,05/17/200408/31/2015,,White
158,F,2,05/16/2016,08/10/2016,1,1.0,,05/16/201608/10/2016,,White
159,M,2,02/07/2005,03/12/2007,1,1.0,,02/07/200503/12/2007,,White
160,F,2,12/01/2008,05/25/2011,1,1.0,,12/01/200805/25/2011,,White
161,F,2,06/18/2007,09/21/2007,1,1.0,,06/18/200709/21/2007,,White
162,M,1,08/22/2016,10/03/2016,1,1.0,,08/22/201610/03/2016,,White
163,F,1,05/11/2016,08/26/2016,1,1.0,,05/11/201608/26/2016,,White
164,F,1,05/11/2016,09/02/2016,1,1.0,,05/11/201609/02/2016,,White
165,F,1,09/06/2005,07/31/2014,1,1.0,,09/06/200507/31/2014,,White
166,M,1,02/03/2014,07/02/2014,2,1.0,,02/03/201407/02/2014,,White
167,M,1,05/17/2007,08/26/2016,1,1.0,,05/17/200708/26/2016,,White
168,M,1,05/28/2007,08/12/2016,2,4.0,,05/28/200708/12/2016,,White
169,F,1,08/13/2001,02/28/2014,1,1.0,,08/13/200102/28/2014,,White
170,M,1,09/12/2011,12/16/2016,2,1.0,,09/12/201112/16/2016,,White
171,F,1,04/09/2007,05/15/2014,1,1.0,,04/09/200705/15/2014,,White
172,F,1,05/28/2012,07/29/2016,1,1.0,,05/28/201207/29/2016,,White
173,F,1,08/18/2014,08/22/2016,1,1.0,,08/18/201408/22/2016,,White
174,M,1,08/27/2012,02/03/2015,2,1.0,,08/27/201202/03/2015,,White
175,M,1,10/24/2012,04/24/2015,1,1.0,,10/24/201204/24/2015,,White
176,M,1,08/05/2014,11/24/2014,2,1.0,,08/05/201411/24/2014,,White
177,M,1,08/18/2014,01/30/2015,1,1.0,,08/18/201401/30/2015,,White
178,M,1,08/24/2009,02/26/2014,2,1.0,,08/24/200902/26/2014,,White
179,F,1,06/04/2012,11/05/2015,1,1.0,,06/04/201211/05/2015,,White
180,M,1,11/19/2007,12/21/2015,2,1.0,,11/19/200712/21/2015,,White
181,M,1,01/20/2014,06/30/2014,1,1.0,,01/20/201406/30/2014,,White
182,M,2,09/09/2002,04/03/2015,2,1.0,,09/09/200204/03/2015,,White
183,M,2,04/29/2013,06/15/2015,1,1.0,,04/29/201306/15/2015,,White
184,M,1,10/17/2012,04/04/2014,1,1.0,,10/17/201204/04/2014,,White
185,F,2,10/23/2012,05/15/2015,1,1.0,,10/23/201205/15/2015,,White
186,M,2,06/09/2014,07/14/2015,2,1.0,,06/09/201407/14/2015,,White
187,M,2,02/04/2008,12/12/2014,1,1.0,,02/04/200812/12/2014,,White
188,F,2,02/01/2010,08/20/2014,2,1.0,,02/01/201008/20/2014,,White
189,M,2,06/09/2014,09/02/2014,1,1.0,,06/09/201409/02/2014,,White
190,M,2,06/09/2014,08/11/2015,1,1.0,,06/09/201408/11/2015,,White
191,F,2,07/14/2014,09/30/2014,1,1.0,,07/14/201409/30/2014,,White
192,M,2,07/15/2014,10/09/2014,1,1.0,,07/15/201410/09/2014,,White
193,F,2,07/28/2014,04/24/2015,1,1.0,,07/28/201404/24/2015,,White
194,M,2,11/29/2010,06/13/2014,1,1.0,,11/29/201006/13/2014,,White
195,M,2,12/04/2000,06/26/2014,2,1.0,,12/04/200006/26/2014,,White
196,M,2,10/01/1996,04/25/2014,1,1.0,,10/01/199604/25/2014,,White
197,M,2,12/30/2013,06/11/2015,2,1.0,,12/30/201306/11/2015,,White
198,M,2,08/21/2013,07/23/2015,1,1.0,,08/21/201307/23/2015,,White
199,F,2,09/02/2014,06/15/2015,1,1.0,,09/02/201406/15/2015,,White
200,F,2,05/29/2012,03/06/2014,1,1.0,,05/29/201203/06/2014,,White
201,M,1,08/04/2009,09/09/2015,1,1.0,,08/04/200909/09/2015,,White
202,F,2,07/28/2008,03/12/2015,1,1.0,,07/28/200803/12/2015,,White
203,M,2,01/14/2013,06/26/2014,2,1.0,,01/14/201306/26/2014,,White
204,F,1,01/13/2014,08/13/2015,1,1.0,,01/13/201408/13/2015,,White
205,F,1,02/18/2014,05/27/2014,1,1.0,,02/18/201405/27/2014,,White
206,M,2,01/31/2011,11/04/2014,2,2.0,,01/31/201111/04/2014,,White
207,M,1,09/17/2012,07/02/2014,2,1.0,,09/17/201207/02/2014,,White
208,M,2,05/25/2005,07/18/2014,1,3.0,,05/25/200507/18/2014,,White
209,M,2,01/17/2011,12/29/2014,1,1.0,,01/17/201112/29/2014,,White
210,F,2,04/18/2011,05/30/2014,2,1.0,,04/18/201105/30/2014,,White
211,M,2,11/06/2013,04/28/2014,1,4.0,,11/06/201304/28/2014,,White
212,F,2,01/03/2014,01/16/2015,1,1.0,,01/03/201401/16/2015,,White
213,M,2,11/11/2013,02/21/2014,2,1.0,,11/11/201302/21/2014,,White
214,M,2,01/13/2014,06/13/2014,1,2.0,,01/13/201406/13/2014,,White
215,M,2,02/03/2014,08/20/2014,1,1.0,,02/03/201408/20/2014,,White
216,M,2,08/26/2013,06/12/2015,1,3.0,,08/26/201306/12/2015,,White
217,F,2,05/14/2007,11/20/2014,2,1.0,,05/14/200711/20/2014,,White
218,M,2,09/06/2011,05/02/2014,2,1.0,,09/06/201105/02/2014,,White
219,M,2,02/15/2006,02/03/2015,2,1.0,,02/15/200602/03/2015,,White
220,F,2,04/17/2006,08/03/2015,2,1.0,,04/17/200608/03/2015,,White
221,M,2,08/11/2014,10/24/2014,1,1.0,,08/11/201410/24/2014,,White
222,F,2,08/25/2014,02/02/2015,1,1.0,,08/25/201402/02/2015,,White
223,F,2,10/13/2014,07/24/2015,2,6.0,,10/13/201407/24/2015,,White
224,M,1,06/18/1990,11/27/2014,2,7.0,,06/18/199011/27/2014,,White
225,F,1,05/29/2006,02/28/2014,2,1.0,,05/29/200602/28/2014,,White
226,M,2,01/07/2013,11/03/2014,2,1.0,,01/07/201311/03/2014,,White
227,M,2,11/15/2010,06/06/2014,1,1.0,,11/15/201006/06/2014,,White
228,M,1,09/04/2012,07/16/2014,2,1.0,,09/04/201207/16/2014,,White
229,M,1,08/14/2013,03/28/2014,1,1.0,,08/14/201303/28/2014,,White
230,F,2,09/17/2012,05/29/2015,1,6.0,,09/17/201205/29/2015,,White
231,M,2,09/08/2014,07/29/2015,1,1.0,,09/08/201407/29/2015,,White
232,M,2,02/22/2010,08/27/2014,2,1.0,,02/22/201008/27/2014,,White
233,M,2,09/22/2014,03/20/2015,1,1.0,,09/22/201403/20/2015,,White
234,M,2,01/14/2013,11/07/2014,1,1.0,,01/14/201311/07/2014,,White
235,F,2,01/28/2013,11/05/2014,1,1.0,,01/28/201311/05/2014,,White
236,M,2,04/29/2013,08/08/2014,1,1.0,,04/29/201308/08/2014,,White
237,M,1,02/12/2013,09/21/2015,2,1.0,,02/12/201309/21/2015,,White
238,M,2,02/14/2008,06/05/2014,1,7.0,,02/14/200806/05/2014,,White
239,M,1,07/29/2013,01/29/2015,2,1.0,,07/29/201301/29/2015,,White
240,F,1,11/25/2013,02/12/2015,1,1.0,,11/25/201302/12/2015,,White
241,M,2,04/28/2014,07/25/2014,1,1.0,,04/28/201407/25/2014,,White
242,F,2,05/12/2014,08/08/2014,1,1.0,,05/12/201408/08/2014,,White
243,M,2,01/02/2007,12/08/2014,1,1.0,,01/02/200712/08/2014,,White
244,M,2,07/17/2006,01/03/2014,1,1.0,,07/17/200601/03/2014,,White
245,F,1,09/22/2014,07/08/2015,1,1.0,,09/22/201407/08/2015,,White
246,M,1,11/14/2011,06/16/2015,2,1.0,,11/14/201106/16/2015,,White
247,M,1,12/05/2011,08/08/2014,1,1.0,,12/05/201108/08/2014,,White
248,F,1,01/03/2012,01/12/2017,1,1.0,,01/03/201201/12/2017,,White
249,F,1,10/07/2013,08/28/2014,1,1.0,,10/07/201308/28/2014,,White
250,M,1,11/10/2014,04/08/2016,1,1.0,,11/10/201404/08/2016,,White
251,M,2,11/10/2014,08/28/2015,1,1.0,,11/10/201408/28/2015,,White
252,M,2,11/24/2014,07/31/2015,1,1.0,,11/24/201407/31/2015,,White
253,M,2,01/01/2001,06/30/2016,1,,,01/01/200106/30/2016,,White
254,M,1,02/02/2015,07/19/2016,1,1.0,,02/02/201507/19/2016,,White
255,F,2,03/02/2015,07/24/2015,1,1.0,,03/02/201507/24/2015,,White
256,M,2,02/09/2015,05/07/2015,2,1.0,,02/09/201505/07/2015,,White
257,M,1,03/09/2015,10/28/2016,1,1.0,,03/09/201510/28/2016,,White
258,F,1,06/08/2015,09/30/2016,1,1.0,,06/08/201509/30/2016,,White
259,F,1,04/06/2015,06/25/2015,1,1.0,,04/06/201506/25/2015,,White
260,M,1,08/10/2015,09/11/2015,1,1.0,,08/10/201509/11/2015,,White
261,F,2,06/30/2008,09/01/2016,2,1.0,,06/30/200809/01/2016,,White
262,M,2,08/13/2014,04/29/2016,1,1.0,,08/13/201404/29/2016,,White
263,F,2,12/07/2009,07/28/2016,1,1.0,,12/07/200907/28/2016,,White
264,F,2,12/07/2009,10/30/2015,1,1.0,,12/07/200910/30/2015,,White
265,M,2,12/15/2014,10/21/2016,1,1.0,,12/15/201410/21/2016,,White
266,M,2,09/07/2010,07/01/2016,1,1.0,,09/07/201007/01/2016,,White
267,M,2,12/31/2014,03/01/2016,1,1.0,,12/31/201403/01/2016,,White
268,F,2,07/06/1998,02/01/2016,2,2.0,,07/06/199802/01/2016,,White
269,M,2,08/15/2011,09/29/2016,2,1.0,,08/15/201109/29/2016,,White
270,F,2,12/13/2004,12/03/2015,1,1.0,,12/13/200412/03/2015,,White
271,M,2,02/01/2012,09/30/2016,1,7.0,,02/01/201209/30/2016,,White
272,F,2,03/19/2012,05/20/2016,1,1.0,,03/19/201205/20/2016,,White
273,M,1,09/28/2015,07/19/2016,2,1.0,,09/28/201507/19/2016,,White
274,M,2,02/24/2014,03/24/2016,1,1.0,,02/24/201403/24/2016,,White
275,F,2,05/28/2008,01/05/2016,1,1.0,,05/28/200801/05/2016,,White
276,M,2,05/16/2014,07/01/2016,1,2.0,,05/16/201407/01/2016,,White
277,M,2,09/24/1996,01/06/2017,2,1.0,,09/24/199601/06/2017,,White
278,F,2,09/21/2015,05/13/2016,1,1.0,,09/21/201505/13/2016,,White
279,M,2,08/10/2015,03/10/2016,1,2.0,,08/10/201503/10/2016,,White
280,F,2,11/29/1999,04/03/2015,2,1.0,,11/29/199904/03/2015,,White
281,F,2,08/24/2015,04/22/2016,1,1.0,,08/24/201504/22/2016,,White
282,M,2,10/05/2015,06/03/2016,1,1.0,,10/05/201506/03/2016,,White
283,F,1,01/04/2016,01/15/2016,1,1.0,,01/04/201601/15/2016,,White
284,M,2,08/03/2011,10/31/2016,1,3.0,,08/03/201110/31/2016,,White
285,M,2,04/08/2013,12/17/2015,2,1.0,,04/08/201312/17/2015,,White
286,M,2,05/04/2015,08/25/2016,1,1.0,,05/04/201508/25/2016,,White
287,F,2,06/02/2014,10/03/2016,1,1.0,,06/02/201410/03/2016,,White
288,M,2,05/29/2015,12/01/2016,2,1.0,,05/29/201512/01/2016,,White
289,F,2,07/11/2011,10/28/2015,1,1.0,,07/11/201110/28/2015,,White
290,F,2,05/06/2013,05/27/2016,1,1.0,,05/06/201305/27/2016,,White
291,M,1,11/30/2015,06/20/2016,2,1.0,,11/30/201506/20/2016,,White
292,M,2,12/14/2015,03/04/2016,1,1.0,,12/14/201503/04/2016,,White
293,M,2,03/25/2014,09/13/2016,2,2.0,,03/25/201409/13/2016,,White
294,M,2,11/10/2014,09/26/2016,1,1.0,,11/10/201409/26/2016,,White
295,M,2,06/09/2014,11/10/2015,1,1.0,,06/09/201411/10/2015,,White
296,F,2,03/31/2014,10/20/2015,1,1.0,,03/31/201410/20/2015,,White
297,M,2,01/06/2014,03/17/2016,2,1.0,,01/06/201403/17/2016,,White
298,M,2,04/16/2007,10/11/2016,2,1.0,,04/16/200710/11/2016,,White
299,M,2,12/29/2014,09/14/2015,1,1.0,,12/29/201409/14/2015,,White
300,M,2,08/31/2015,07/15/2016,1,1.0,,08/31/201507/15/2016,,White
301,F,2,07/26/2010,10/21/2015,2,1.0,,07/26/201010/21/2015,,White
302,M,2,01/05/2015,12/30/2016,1,1.0,,01/05/201512/30/2016,,White
303,F,2,04/16/2012,07/21/2016,1,1.0,,04/16/201207/21/2016,,White
304,F,2,08/22/2011,12/30/2016,1,1.0,,08/22/201112/30/2016,,White
305,F,2,05/10/2010,09/02/2016,1,1.0,,05/10/201009/02/2016,,White
306,M,2,07/01/2013,10/23/2015,1,1.0,,07/01/201310/23/2015,,White
307,M,2,10/09/2013,05/20/2016,1,1.0,,10/09/201305/20/2016,,White
308,F,2,01/22/2014,10/31/2015,1,1.0,,01/22/201410/31/2015,,White
309,F,2,03/03/2014,07/08/2016,2,1.0,,03/03/201407/08/2016,,White
310,M,2,03/23/2015,11/10/2016,2,1.0,,03/23/201511/10/2016,,White
311,F,2,03/06/2006,12/15/2015,1,1.0,,03/06/200612/15/2015,,White
312,M,2,11/24/2014,03/04/2016,1,1.0,,11/24/201403/04/2016,,White
313,M,2,04/13/2015,01/08/2016,1,1.0,,04/13/201501/08/2016,,White
314,M,2,11/28/2011,09/30/2016,1,1.0,,11/28/201109/30/2016,,White
315,M,2,01/13/2014,03/07/2016,1,1.0,,01/13/201403/07/2016,,White
316,M,2,09/22/2014,07/28/2016,2,1.0,,09/22/201407/28/2016,,White
317,M,1,10/05/2015,05/03/2016,1,1.0,,10/05/201505/03/2016,,White
318,F,2,09/05/2014,07/14/2016,1,1.0,,09/05/201407/14/2016,,White
319,F,1,01/18/2016,03/11/2016,1,1.0,,01/18/201603/11/2016,,White
320,M,2,02/22/2016,04/08/2016,1,1.0,,02/22/201604/08/2016,,White
321,F,2,07/11/2016,12/29/2016,1,1.0,,07/11/201612/29/2016,,White
322,M,2,08/22/2016,01/13/2017,1,1.0,,08/22/201601/13/2017,,White
323,M,2,08/02/2010,12/31/2015,1,1.0,,08/02/201012/31/2015,,White
324,F,1,11/21/2016,01/20/2017,1,1.0,,11/21/201601/20/2017,,White
325,M,1,09/25/2006,09/25/2015,1,1.0,,09/25/200609/25/2015,,White
326,M,1,05/02/2011,10/16/2014,1,1.0,,05/02/201110/16/2014,,White
327,M,1,09/02/1997,12/21/2015,2,1.0,,09/02/199712/21/2015,,White
328,M,1,09/19/2011,09/12/2014,1,1.0,,09/19/201109/12/2014,,White
329,M,1,06/08/2009,02/11/2015,2,1.0,,06/08/200902/11/2015,,White
330,M,1,09/20/1999,07/02/2014,2,1.0,,09/20/199907/02/2014,,White
331,F,1,08/30/2007,04/30/2015,1,1.0,,08/30/200704/30/2015,,White
332,M,1,10/30/2013,02/02/2016,2,1.0,,10/30/201302/02/2016,,White
333,M,1,10/28/2013,01/30/2014,1,1.0,,10/28/201301/30/2014,,White
334,F,1,04/01/2014,02/23/2016,1,1.0,,04/01/201402/23/2016,,White
335,F,1,07/02/2014,09/18/2015,1,1.0,,07/02/201409/18/2015,,White
336,M,2,06/14/2010,10/16/2014,2,1.0,,06/14/201010/16/2014,,White
337,M,2,11/18/2010,08/14/2015,2,1.0,,11/18/201008/14/2015,,White
338,F,2,10/20/2003,02/27/2015,1,1.0,,10/20/200302/27/2015,,White
339,F,2,12/11/2006,09/02/2014,1,1.0,,12/11/200609/02/2014,,White
340,F,2,08/05/2014,09/16/2014,1,1.0,,08/05/201409/16/2014,,White
341,M,1,12/22/1997,07/02/2014,2,1.0,,12/22/199707/02/2014,,White
342,M,1,10/01/2012,07/16/2014,2,1.0,,10/01/201207/16/2014,,White
343,F,1,05/19/2009,12/05/2016,1,1.0,,05/19/200912/05/2016,,White
344,M,1,09/09/2013,04/10/2015,1,1.0,,09/09/201304/10/2015,,White
345,M,2,06/09/2014,06/26/2015,1,1.0,,06/09/201406/26/2015,,White
346,M,2,09/30/2013,12/18/2014,2,1.0,,09/30/201312/18/2014,,White
347,F,2,02/17/2014,07/02/2015,1,1.0,,02/17/201407/02/2015,,White
348,M,2,03/04/2014,02/25/2015,2,1.0,,03/04/201402/25/2015,,White
349,M,2,10/29/2012,06/30/2014,1,1.0,,10/29/201206/30/2014,,White
350,M,2,02/17/2014,11/14/2014,1,1.0,,02/17/201411/14/2014,,White
351,M,2,08/11/2014,08/17/2015,1,1.0,,08/11/201408/17/2015,,White
352,F,2,01/28/2013,07/10/2014,1,1.0,,01/28/201307/10/2014,,White
353,M,2,09/03/2013,08/10/2015,1,1.0,,09/03/201308/10/2015,,White
354,M,1,10/02/2000,07/02/2014,2,1.0,,10/02/200007/02/2014,,White
355,F,1,03/25/1996,03/25/2016,2,1.0,,03/25/199603/25/2016,,White
356,F,1,02/09/2009,04/06/2015,2,1.0,,02/09/200904/06/2015,,White
357,M,2,07/31/2012,05/05/2014,2,1.0,,07/31/201205/05/2014,,White
358,F,1,07/14/2014,09/02/2016,1,1.0,,07/14/201409/02/2016,,White
359,F,2,08/23/2010,05/16/2014,1,1.0,,08/23/201005/16/2014,,White
360,M,1,10/26/1992,07/16/2014,2,2.0,,10/26/199207/16/2014,,White
361,M,2,02/07/2011,10/09/2014,1,1.0,,02/07/201110/09/2014,,White
362,M,2,01/28/2013,08/20/2014,2,1.0,,01/28/201308/20/2014,,White
363,M,2,09/16/2013,10/02/2014,1,1.0,,09/16/201310/02/2014,,White
364,M,2,10/14/2013,12/23/2014,2,1.0,,10/14/201312/23/2014,,White
365,M,2,12/11/2013,12/31/2014,1,1.0,,12/11/201312/31/2014,,White
366,M,2,01/07/2013,03/07/2014,2,1.0,,01/07/201303/07/2014,,White
367,F,2,02/03/2014,05/08/2015,1,1.0,,02/03/201405/08/2015,,White
368,M,2,02/03/2014,09/04/2015,1,1.0,,02/03/201409/04/2015,,White
369,F,2,05/29/2012,03/14/2014,1,1.0,,05/29/201203/14/2014,,White
370,M,2,02/06/2006,01/09/2015,1,2.0,,02/06/200601/09/2015,,White
371,M,2,04/24/2006,08/11/2015,2,5.0,,04/24/200608/11/2015,,White
372,M,2,04/26/2006,01/03/2014,2,1.0,,04/26/200601/03/2014,,White
373,M,2,08/11/2014,05/01/2015,1,1.0,,08/11/201405/01/2015,,White
374,M,2,11/25/2013,03/20/2015,1,1.0,,11/25/201303/20/2015,,White
375,M,2,01/07/2013,01/08/2015,2,1.0,,01/07/201301/08/2015,,White
376,M,1,10/01/2012,07/02/2014,2,1.0,,10/01/201207/02/2014,,White
377,M,1,07/02/1996,04/03/2014,2,3.0,,07/02/199604/03/2014,,White
378,M,1,04/05/2010,08/29/2014,1,1.0,,04/05/201008/29/2014,,White
379,M,1,01/02/1989,07/07/2014,2,1.0,,01/02/198907/07/2014,,White
380,M,1,07/08/2013,02/17/2016,1,1.0,,07/08/201302/17/2016,,White
381,F,1,07/15/2013,09/18/2015,1,1.0,,07/15/201309/18/2015,,White
382,F,1,08/06/2013,09/06/2016,2,1.0,,08/06/201309/06/2016,,White
383,M,2,10/15/2012,11/07/2014,1,1.0,,10/15/201211/07/2014,,White
384,F,2,10/29/2012,06/24/2015,1,1.0,,10/29/201206/24/2015,,White
385,M,2,10/24/2011,04/17/2014,1,1.0,,10/24/201104/17/2014,,White
386,M,2,07/07/2014,07/31/2015,1,1.0,,07/07/201407/31/2015,,White
387,M,2,09/08/2014,10/22/2014,1,1.0,,09/08/201410/22/2014,,White
388,M,1,03/11/2013,10/06/2014,1,1.0,,03/11/201310/06/2014,,White
389,M,1,12/10/2012,08/01/2014,1,1.0,,12/10/201208/01/2014,,White
390,M,2,05/20/2013,08/20/2014,1,1.0,,05/20/201308/20/2014,,White
391,F,2,07/08/2013,03/20/2014,1,1.0,,07/08/201303/20/2014,,White
392,M,2,03/31/2014,07/18/2014,1,1.0,,03/31/201407/18/2014,,White
393,M,2,06/16/2003,06/30/2015,1,5.0,,06/16/200306/30/2015,,White
394,F,1,10/24/2011,04/16/2014,1,1.0,,10/24/201104/16/2014,,White
395,F,1,11/12/2014,11/12/2014,1,1.0,,11/12/201411/12/2014,,White
396,M,2,11/10/2014,04/30/2015,2,2.0,,11/10/201404/30/2015,,White
397,F,2,08/30/2010,12/31/2014,1,2.0,,08/30/201012/31/2014,,White
398,M,2,04/11/2011,06/11/2015,1,1.0,,04/11/201106/11/2015,,White
399,M,1,03/09/2015,05/01/2015,1,1.0,,03/09/201505/01/2015,,White
400,M,1,03/09/2015,07/27/2015,1,1.0,,03/09/201507/27/2015,,White
401,F,2,05/18/2015,08/14/2015,1,1.0,,05/18/201508/14/2015,,White
402,M,1,06/01/2015,08/31/2015,2,1.0,,06/01/201508/31/2015,,White
403,F,2,09/08/2014,05/27/2016,1,1.0,,09/08/201405/27/2016,,White
404,F,2,12/15/2008,11/24/2015,1,1.0,,12/15/200811/24/2015,,White
405,M,2,01/04/2010,09/09/2016,1,1.0,,01/04/201009/09/2016,,White
406,M,2,12/19/2005,05/11/2016,1,4.0,,12/19/200505/11/2016,,White
407,M,2,08/24/2015,05/17/2016,2,1.0,,08/24/201505/17/2016,,White
408,F,2,08/12/2013,02/29/2016,1,1.0,,08/12/201302/29/2016,,White
409,M,2,03/21/2011,03/31/2016,1,5.0,,03/21/201103/31/2016,,White
410,F,2,04/28/2014,08/05/2016,1,1.0,,04/28/201408/05/2016,,White
411,M,2,10/26/1999,09/02/2016,1,6.0,,10/26/199909/02/2016,,White
412,M,2,10/05/2015,08/26/2016,1,1.0,,10/05/201508/26/2016,,White
413,M,2,08/10/2015,04/15/2016,1,1.0,,08/10/201504/15/2016,,White
414,F,2,10/22/2012,11/07/2016,2,1.0,,10/22/201211/07/2016,,White
415,M,2,09/23/2013,11/21/2016,1,1.0,,09/23/201311/21/2016,,White
416,M,2,02/04/2008,12/05/2016,2,1.0,,02/04/200812/05/2016,,White
417,M,2,03/10/1997,03/04/2016,1,5.0,,03/10/199703/04/2016,,White
418,F,2,06/04/2015,04/08/2016,1,1.0,,06/04/201504/08/2016,,White
419,M,2,08/11/2014,10/14/2016,1,1.0,,08/11/201410/14/2016,,White
420,M,2,08/11/2014,05/27/2016,1,1.0,,08/11/201405/27/2016,,White
421,M,2,12/14/2015,06/03/2016,1,1.0,,12/14/201506/03/2016,,White
422,F,1,12/14/2015,10/28/2016,1,1.0,,12/14/201510/28/2016,,White
423,M,2,04/15/2014,10/09/2015,1,4.0,,04/15/201410/09/2015,,White
424,F,2,08/04/2014,12/30/2016,1,1.0,,08/04/201412/30/2016,,White
425,M,2,07/14/2003,10/30/2015,1,1.0,,07/14/200310/30/2015,,White
426,M,2,02/08/1999,05/02/2016,1,1.0,,02/08/199905/02/2016,,White
427,M,2,03/05/2007,09/22/2016,2,1.0,,03/05/200709/22/2016,,White
428,M,2,02/18/2008,01/14/2016,2,2.0,,02/18/200801/14/2016,,White
429,M,2,08/02/1999,04/01/2016,1,3.0,,08/02/199904/01/2016,,White
430,F,2,07/07/2008,06/03/2016,1,5.0,,07/07/200806/03/2016,,White
431,M,2,05/24/2010,11/20/2015,1,1.0,,05/24/201011/20/2015,,White
432,M,2,11/08/2010,04/06/2016,1,1.0,,11/08/201004/06/2016,,White
433,F,2,11/15/2010,11/22/2016,1,1.0,,11/15/201011/22/2016,,White
434,M,2,03/28/2011,09/25/2015,1,1.0,,03/28/201109/25/2015,,White
435,M,2,05/09/2011,03/08/2016,1,1.0,,05/09/201103/08/2016,,White
436,M,2,02/18/2013,11/04/2015,2,1.0,,02/18/201311/04/2015,,White
437,M,2,09/30/2011,04/18/2016,1,1.0,,09/30/201104/18/2016,,White
438,M,2,12/09/2013,03/03/2016,1,1.0,,12/09/201303/03/2016,,White
439,M,2,02/10/2014,09/17/2015,2,1.0,,02/10/201409/17/2015,,White
440,M,2,02/25/2014,10/16/2015,1,1.0,,02/25/201410/16/2015,,White
441,F,2,07/07/2014,05/02/2016,1,1.0,,07/07/201405/02/2016,,White
442,F,2,09/15/2014,05/24/2016,1,1.0,,09/15/201405/24/2016,,White
443,M,2,07/21/2014,10/16/2015,1,1.0,,07/21/201410/16/2015,,White
444,M,2,09/08/2014,11/04/2015,1,1.0,,09/08/201411/04/2015,,White
445,F,2,05/07/2012,10/07/2016,1,1.0,,05/07/201210/07/2016,,White
446,M,1,10/19/2015,08/19/2016,1,1.0,,10/19/201508/19/2016,,White
447,M,1,01/11/2016,06/17/2016,1,1.0,,01/11/201606/17/2016,,White
448,M,2,04/15/2013,11/01/2016,2,1.0,,04/15/201311/01/2016,,White
449,F,1,08/13/2012,09/23/2015,1,1.0,,08/13/201209/23/2015,,White
450,M,1,02/01/2016,09/30/2016,1,1.0,,02/01/201609/30/2016,,White
451,F,1,01/14/2016,12/20/2016,1,1.0,,01/14/201612/20/2016,,White
452,M,2,05/02/2016,05/21/2016,1,1.0,,05/02/201605/21/2016,,White
453,M,1,04/06/2016,09/14/2016,2,1.0,,04/06/201609/14/2016,,White
454,M,2,05/02/2016,05/27/2016,1,1.0,,05/02/201605/27/2016,,White
455,F,2,05/16/2016,08/05/2016,1,1.0,,05/16/201608/05/2016,,White
456,M,2,06/13/2016,11/30/2016,1,1.0,,06/13/201611/30/2016,,White
457,M,2,02/22/2016,08/16/2016,2,1.0,,02/22/201608/16/2016,,White
458,M,1,05/11/2016,08/26/2016,1,1.0,,05/11/201608/26/2016,,White
459,M,1,06/20/2016,08/02/2016,2,1.0,,06/20/201608/02/2016,,White
460,M,2,08/01/2016,10/12/2016,2,1.0,,08/01/201610/12/2016,,White
461,M,2,07/11/2016,10/03/2016,1,1.0,,07/11/201610/03/2016,,White
462,M,1,08/02/2016,08/19/2016,1,1.0,,08/02/201608/19/2016,,White
463,F,2,03/29/2004,02/26/2016,1,1.0,,03/29/200402/26/2016,,White
464,F,2,09/19/2016,01/11/2017,2,1.0,,09/19/201601/11/2017,,White
465,M,2,01/10/2016,11/25/2016,2,1.0,,01/10/201611/25/2016,,White
466,M,2,01/05/2015,06/23/2015,1,1.0,,01/05/201506/23/2015,,White
467,M,1,02/05/2014,04/04/2014,2,1.0,,02/05/201404/04/2014,,White
468,M,1,03/12/2014,05/10/2014,2,1.0,,03/12/201405/10/2014,,White
469,F,1,12/03/2007,04/08/2014,1,1.0,,12/03/200704/08/2014,,White
470,F,1,08/08/2012,09/18/2014,1,1.0,,08/08/201209/18/2014,,White
471,F,1,08/13/2012,11/11/2016,1,1.0,,08/13/201211/11/2016,,White
472,M,1,03/24/2011,04/02/2015,1,1.0,,03/24/201104/02/2015,,White
473,M,1,03/11/2008,01/17/2014,2,1.0,,03/11/200801/17/2014,,White
474,F,1,11/25/2013,02/04/2014,1,1.0,,11/25/201302/04/2014,,White
475,F,1,03/15/2010,07/16/2014,1,1.0,,03/15/201007/16/2014,,White
476,M,2,05/24/2010,11/03/2014,1,1.0,,05/24/201011/03/2014,,White
477,F,2,07/26/2010,01/22/2014,1,1.0,,07/26/201001/22/2014,,White
478,M,2,10/30/2006,12/17/2014,1,1.0,,10/30/200612/17/2014,,White
479,M,2,05/12/2014,08/08/2014,1,1.0,,05/12/201408/08/2014,,White
480,M,2,02/08/2010,07/27/2015,2,1.0,,02/08/201007/27/2015,,White
481,M,2,02/22/2010,10/20/2014,2,1.0,,02/22/201010/20/2014,,White
482,F,2,05/24/2010,04/23/2014,1,1.0,,05/24/201004/23/2014,,White
483,M,2,03/31/1997,07/18/2014,1,1.0,,03/31/199707/18/2014,,White
484,F,2,05/05/2014,07/31/2015,1,1.0,,05/05/201407/31/2015,,White
485,F,1,09/09/2013,07/19/2016,2,1.0,,09/09/201307/19/2016,,White
486,F,1,09/09/2013,04/27/2016,1,1.0,,09/09/201304/27/2016,,White
487,M,1,09/16/2013,06/30/2014,2,1.0,,09/16/201306/30/2014,,White
488,M,1,09/23/2013,04/24/2015,1,1.0,,09/23/201304/24/2015,,White
489,F,1,10/07/2013,01/13/2017,2,1.0,,10/07/201301/13/2017,,White
490,M,2,09/23/2013,04/30/2014,1,1.0,,09/23/201304/30/2014,,White
491,M,2,10/21/2013,05/30/2014,1,1.0,,10/21/201305/30/2014,,White
492,F,2,12/09/2013,10/29/2014,2,1.0,,12/09/201310/29/2014,,White
493,F,2,04/16/2012,03/09/2015,2,1.0,,04/16/201203/09/2015,,White
494,M,2,01/27/2014,10/17/2014,1,1.0,,01/27/201410/17/2014,,White
495,F,2,01/20/2014,06/26/2014,2,1.0,,01/20/201406/26/2014,,White
496,M,2,01/06/2014,07/29/2015,1,1.0,,01/06/201407/29/2015,,White
497,M,2,03/05/2012,03/05/2014,1,1.0,,03/05/201203/05/2014,,White
498,F,2,04/30/2012,10/31/2014,1,1.0,,04/30/201210/31/2014,,White
499,M,2,04/28/2014,11/28/2014,1,1.0,,04/28/201411/28/2014,,White
500,M,2,07/23/2012,06/26/2014,2,1.0,,07/23/201206/26/2014,,White
501,M,2,09/06/2012,04/25/2014,1,1.0,,09/06/201204/25/2014,,White
502,M,2,12/24/2012,03/17/2014,2,1.0,,12/24/201203/17/2014,,White
503,M,2,07/07/2014,02/25/2015,1,1.0,,07/07/201402/25/2015,,White
504,M,2,07/21/2014,10/08/2014,2,1.0,,07/21/201410/08/2014,,White
505,F,2,02/24/2014,03/31/2014,1,1.0,,02/24/201403/31/2014,,White
506,M,2,10/28/2013,06/13/2014,1,1.0,,10/28/201306/13/2014,,White
507,M,1,03/03/2008,07/02/2014,2,1.0,,03/03/200807/02/2014,,White
508,F,2,02/18/2013,03/20/2015,1,1.0,,02/18/201303/20/2015,,White
509,M,2,10/07/2013,08/22/2014,1,1.0,,10/07/201308/22/2014,,White
510,M,2,07/18/2011,05/08/2015,1,2.0,,07/18/201105/08/2015,,White
511,M,2,12/04/2006,08/07/2015,1,1.0,,12/04/200608/07/2015,,White
512,F,2,09/18/2006,06/12/2015,2,1.0,,09/18/200606/12/2015,,White
513,M,2,09/12/2011,02/04/2015,2,7.0,,09/12/201102/04/2015,,White
514,F,2,09/19/2011,04/18/2014,2,2.0,,09/19/201104/18/2014,,White
515,M,2,09/19/2011,08/27/2014,2,1.0,,09/19/201108/27/2014,,White
516,M,2,01/16/2012,11/07/2014,1,7.0,,01/16/201211/07/2014,,White
517,F,2,02/01/2012,04/10/2014,1,1.0,,02/01/201204/10/2014,,White
518,M,1,02/18/2014,03/20/2015,1,1.0,,02/18/201403/20/2015,,White
519,F,1,09/15/2014,11/07/2014,1,1.0,,09/15/201411/07/2014,,White
520,M,2,08/16/2005,09/25/2014,1,1.0,,08/16/200509/25/2014,,White
521,M,1,07/12/2010,07/02/2015,2,1.0,,07/12/201007/02/2015,,White
522,F,2,11/11/2013,05/15/2015,1,1.0,,11/11/201305/15/2015,,White
523,M,2,12/02/2013,02/28/2014,2,1.0,,12/02/201302/28/2014,,White
524,M,2,11/11/2013,06/20/2014,1,1.0,,11/11/201306/20/2014,,White
525,F,2,05/29/2007,07/10/2014,1,1.0,,05/29/200707/10/2014,,White
526,F,2,02/18/2014,05/08/2015,1,1.0,,02/18/201405/08/2015,,White
527,M,2,11/18/2013,08/27/2014,1,1.0,,11/18/201308/27/2014,,White
528,F,2,08/27/2008,11/07/2014,1,1.0,,08/27/200811/07/2014,,White
529,F,2,03/10/2014,04/28/2015,1,1.0,,03/10/201404/28/2015,,White
530,M,2,05/29/2007,06/19/2014,1,3.0,,05/29/200706/19/2014,,White
531,F,2,12/06/2005,07/31/2015,1,1.0,,12/06/200507/31/2015,,White
532,F,1,03/24/2014,01/29/2016,1,1.0,,03/24/201401/29/2016,,White
533,M,2,09/05/2006,04/10/2015,1,1.0,,09/05/200604/10/2015,,White
534,F,1,09/08/1998,07/14/2014,2,1.0,,09/08/199807/14/2014,,White
535,F,2,10/20/2014,06/02/2015,1,1.0,,10/20/201406/02/2015,,White
536,M,1,06/22/2009,07/22/2014,2,1.0,,06/22/200907/22/2014,,White
537,F,1,01/30/2012,07/07/2014,2,1.0,,01/30/201207/07/2014,,White
538,M,1,09/01/1998,02/06/2015,1,1.0,,09/01/199802/06/2015,,White
539,M,1,09/03/2013,04/04/2014,2,1.0,,09/03/201304/04/2014,,White
540,M,2,03/05/2012,03/18/2014,2,1.0,,03/05/201203/18/2014,,White
541,F,2,03/12/2012,08/01/2014,1,4.0,,03/12/201208/01/2014,,White
542,M,2,07/28/2014,05/08/2015,1,1.0,,07/28/201405/08/2015,,White
543,M,2,09/08/2014,05/08/2015,1,1.0,,09/08/201405/08/2015,,White
544,M,2,08/16/2010,11/14/2014,1,1.0,,08/16/201011/14/2014,,White
545,F,2,07/23/2012,01/02/2015,1,3.0,,07/23/201201/02/2015,,White
546,M,1,07/30/2012,02/27/2015,1,1.0,,07/30/201202/27/2015,,White
547,F,1,08/26/2013,11/06/2015,1,1.0,,08/26/201311/06/2015,,White
548,F,2,05/20/2013,04/30/2015,1,1.0,,05/20/201304/30/2015,,White
549,M,1,01/12/2010,04/10/2015,1,1.0,,01/12/201004/10/2015,,White
550,M,2,03/17/2014,06/03/2014,1,1.0,,03/17/201406/03/2014,,White
551,M,2,08/18/2014,10/21/2014,2,1.0,,08/18/201410/21/2014,,White
552,F,2,03/26/2014,10/17/2014,1,1.0,,03/26/201410/17/2014,,White
553,M,2,03/31/2014,08/26/2014,1,1.0,,03/31/201408/26/2014,,White
554,M,1,10/06/2014,07/13/2015,2,1.0,,10/06/201407/13/2015,,White
555,F,2,05/12/2014,08/01/2014,1,1.0,,05/12/201408/01/2014,,White
556,M,2,06/25/2007,06/17/2014,1,1.0,,06/25/200706/17/2014,,White
557,M,1,07/29/2013,08/01/2014,1,1.0,,07/29/201308/01/2014,,White
558,F,1,11/19/2014,06/01/2016,1,1.0,,11/19/201406/01/2016,,White
559,F,2,10/20/2003,11/03/2014,1,4.0,,10/20/200311/03/2014,,White
560,M,1,09/25/2007,09/03/2015,1,1.0,,09/25/200709/03/2015,,White
561,M,2,01/05/2015,08/07/2015,1,1.0,,01/05/201508/07/2015,,White
562,F,1,02/02/2015,03/13/2015,1,1.0,,02/02/201503/13/2015,,White
563,M,1,12/19/2006,03/27/2015,1,1.0,,12/19/200603/27/2015,,White
564,F,1,07/27/2015,01/22/2016,1,1.0,,07/27/201501/22/2016,,White
565,F,1,08/24/2015,02/26/2016,1,1.0,,08/24/201502/26/2016,,White
566,M,1,08/10/2015,02/10/2016,1,1.0,,08/10/201502/10/2016,,White
567,F,1,08/10/2015,09/01/2015,1,1.0,,08/10/201509/01/2015,,White
568,M,2,11/05/2008,12/24/2015,1,4.0,,11/05/200812/24/2015,,White
569,M,2,12/01/2014,03/23/2016,1,1.0,,12/01/201403/23/2016,,White
570,F,2,11/06/2003,12/16/2016,1,4.0,,11/06/200312/16/2016,,White
571,M,2,07/07/2014,12/30/2016,1,1.0,,07/07/201412/30/2016,,White
572,M,2,04/12/2004,03/15/2016,1,1.0,,04/12/200403/15/2016,,White
573,M,2,04/08/2005,01/05/2017,2,1.0,,04/08/200501/05/2017,,White
574,M,2,03/05/2012,10/13/2015,1,1.0,,03/05/201210/13/2015,,White
575,M,2,11/19/2012,12/24/2015,1,1.0,,11/19/201212/24/2015,,White
576,M,2,06/04/2007,03/29/2016,1,2.0,,06/04/200703/29/2016,,White
577,M,2,06/26/2014,12/05/2015,1,1.0,,06/26/201412/05/2015,,White
578,M,2,08/06/2007,10/07/2016,1,3.0,,08/06/200710/07/2016,,Not Available
579,M,2,03/03/2014,10/07/2016,2,1.0,,03/03/201410/07/2016,,Not Available
580,M,2,08/10/2015,11/11/2016,1,1.0,,08/10/201511/11/2016,,Not Available
581,M,2,08/31/2015,08/19/2016,1,1.0,,08/31/201508/19/2016,,Not Available
582,M,2,11/03/2014,11/01/2016,1,1.0,,11/03/201411/01/2016,,Not Available
583,F,2,07/06/2015,11/12/2015,2,1.0,,07/06/201511/12/2015,,Not Available
584,M,2,07/20/2015,06/21/2016,1,2.0,,07/20/201506/21/2016,,Not Available
585,M,2,05/18/2015,10/10/2016,1,1.0,,05/18/201510/10/2016,,Not Available
586,F,2,02/14/2000,09/28/2015,1,5.0,,02/14/200009/28/2015,,Not Available
587,F,2,02/13/2006,05/15/2015,1,3.0,,02/13/200605/15/2015,,Not Available
588,M,2,11/22/2010,03/29/2016,1,1.0,,11/22/201003/29/2016,,Not Available
589,M,2,05/12/2014,08/06/2014,1,1.0,,05/12/201408/06/2014,,Not Available
590,M,1,10/05/2015,12/15/2015,2,1.0,,10/05/201512/15/2015,,Not Available
591,F,1,10/13/2015,02/11/2016,1,1.0,,10/13/201502/11/2016,,Not Available
592,M,2,12/14/2015,09/26/2016,1,1.0,,12/14/201509/26/2016,,Not Available
593,M,2,03/03/2014,09/11/2015,1,1.0,,03/03/201409/11/2015,,Not Available
594,F,2,06/22/2015,04/29/2016,1,1.0,,06/22/201504/29/2016,,Not Available
595,F,2,05/29/2007,01/27/2016,1,1.0,,05/29/200701/27/2016,,Not Available
596,M,2,06/14/2010,09/06/2016,2,1.0,,06/14/201009/06/2016,,Not Available
597,M,2,03/14/2011,11/14/2016,1,1.0,,03/14/201111/14/2016,,Not Available
598,M,2,06/06/2011,10/09/2015,2,1.0,,06/06/201110/09/2015,,Not Available
599,M,2,04/09/2012,05/13/2016,1,1.0,,04/09/201205/13/2016,,Not Available
600,F,2,04/22/2013,12/16/2015,1,1.0,,04/22/201312/16/2015,,Not Available
601,M,2,09/23/2013,04/05/2016,2,1.0,,09/23/201304/05/2016,,Not Available
602,F,2,03/17/2014,01/29/2016,2,1.0,,03/17/201401/29/2016,,Not Available
603,M,2,03/23/2015,10/25/2016,1,1.0,,03/23/201510/25/2016,,Not Available
604,M,2,07/21/2014,03/02/2016,1,1.0,,07/21/201403/02/2016,,Not Available
605,F,2,10/06/2014,03/23/2016,1,1.0,,10/06/201403/23/2016,,Not Available
606,M,2,04/13/2015,06/03/2016,1,1.0,,04/13/201506/03/2016,,Not Available
607,F,2,06/15/2015,01/18/2017,1,1.0,,06/15/201501/18/2017,,Not Available
608,M,2,03/18/2013,05/13/2016,1,1.0,,03/18/201305/13/2016,,Not Available
609,M,1,12/07/2015,03/10/2016,2,1.0,,12/07/201503/10/2016,,Not Available
610,M,2,02/08/2016,12/08/2016,1,1.0,,02/08/201612/08/2016,,Not Available
611,F,1,08/13/2012,03/09/2016,1,1.0,,08/13/201203/09/2016,,Not Available
612,M,1,04/20/2016,05/16/2016,2,1.0,,04/20/201605/16/2016,,Not Available
613,M,2,06/27/2016,09/09/2016,1,1.0,,06/27/201609/09/2016,,Not Available
614,F,1,06/27/2016,09/26/2016,2,1.0,,06/27/201609/26/2016,,Not Available
615,M,2,06/13/2016,10/26/2016,1,1.0,,06/13/201610/26/2016,,Not Available
616,F,2,05/31/2011,06/30/2016,1,1.0,,05/31/201106/30/2016,,Not Available
617,F,1,05/11/2016,08/31/2016,1,1.0,,05/11/201608/31/2016,,Not Available
618,M,1,01/29/2014,08/15/2014,1,1.0,,01/29/201408/15/2014,,Not Available
619,M,1,07/11/2011,03/06/2015,1,1.0,,07/11/201103/06/2015,,Not Available
620,M,1,05/30/2011,07/15/2014,1,1.0,,05/30/201107/15/2014,,Not Available
621,M,1,06/12/2003,05/08/2014,2,1.0,,06/12/200305/08/2014,,Not Available
622,F,1,07/30/2012,07/08/2014,1,1.0,,07/30/201207/08/2014,,Not Available
623,F,1,06/04/2012,11/18/2014,2,1.0,,06/04/201211/18/2014,,Not Available
624,M,1,08/13/2012,04/29/2016,1,3.0,,08/13/201204/29/2016,,Not Available
625,M,1,11/12/2003,10/09/2015,1,3.0,,11/12/200310/09/2015,,Not Available
626,F,1,01/07/2013,03/19/2015,1,1.0,,01/07/201303/19/2015,,Not Available
627,F,1,08/05/2014,01/08/2016,1,1.0,,08/05/201401/08/2016,,Not Available
628,F,1,07/12/2007,11/28/2014,1,1.0,,07/12/200711/28/2014,,Not Available
629,F,1,07/24/2007,04/03/2014,2,5.0,,07/24/200704/03/2014,,Not Available
630,M,1,06/15/2010,04/03/2014,2,3.0,,06/15/201004/03/2014,,Not Available
631,F,1,10/27/2008,05/15/2014,2,1.0,,10/27/200805/15/2014,,Not Available
632,F,1,06/25/2012,03/01/2014,2,1.0,,06/25/201203/01/2014,,Not Available
633,M,1,01/29/1996,02/24/2015,2,5.0,,01/29/199602/24/2015,,Not Available
634,M,2,08/25/2008,08/10/2015,2,1.0,,08/25/200808/10/2015,,Not Available
635,M,2,10/04/2010,05/13/2015,1,1.0,,10/04/201005/13/2015,,Black or African American
636,M,2,08/28/2014,01/30/2015,2,1.0,,08/28/201401/30/2015,,Black or African American
637,F,2,08/03/2000,07/28/2014,1,5.0,,08/03/200007/28/2014,,Black or African American
638,M,2,04/28/2014,03/06/2015,1,1.0,,04/28/201403/06/2015,,Black or African American
639,M,2,09/16/2013,02/07/2014,1,1.0,,09/16/201302/07/2014,,Black or African American
640,F,2,10/07/2011,05/09/2014,1,1.0,,10/07/201105/09/2014,,Black or African American
641,F,2,12/23/2013,01/19/2015,1,1.0,,12/23/201301/19/2015,,Black or African American
642,M,2,06/09/2014,01/02/2015,1,1.0,,06/09/201401/02/2015,,Black or African American
643,M,2,05/05/2014,06/11/2015,1,1.0,,05/05/201406/11/2015,,Black or African American
644,M,2,04/21/2014,01/09/2015,1,2.0,,04/21/201401/09/2015,,Black or African American
645,M,2,10/23/2012,05/15/2015,1,1.0,,10/23/201205/15/2015,,Black or African American
646,F,2,04/29/2013,11/05/2014,1,1.0,,04/29/201311/05/2014,,Black or African American
647,M,1,05/16/2011,07/02/2014,2,1.0,,05/16/201107/02/2014,,Black or African American
648,F,1,05/28/2012,09/16/2014,1,1.0,,05/28/201209/16/2014,,Black or African American
649,F,2,12/08/2010,05/16/2014,1,1.0,,12/08/201005/16/2014,,Black or African American
650,F,2,03/28/2012,05/15/2015,1,1.0,,03/28/201205/15/2015,,Black or African American
651,M,1,02/10/2011,07/07/2014,2,1.0,,02/10/201107/07/2014,,Black or African American
652,F,2,10/14/2013,04/06/2015,1,1.0,,10/14/201304/06/2015,,Black or African American
653,M,2,11/04/2013,03/18/2015,2,1.0,,11/04/201303/18/2015,,Black or African American
654,M,1,03/15/2010,09/05/2014,1,1.0,,03/15/201009/05/2014,,Black or African American
655,F,2,03/10/2014,08/11/2014,2,1.0,,03/10/201408/11/2014,,Black or African American
656,M,2,03/18/2014,03/05/2015,2,3.0,,03/18/201403/05/2015,,Black or African American
657,M,2,05/31/2012,02/14/2014,1,1.0,,05/31/201202/14/2014,,Black or African American
658,F,2,10/15/2007,10/24/2014,1,1.0,,10/15/200710/24/2014,,Black or African American
659,F,1,03/03/2014,09/03/2014,1,1.0,,03/03/201409/03/2014,,Black or African American
660,M,2,10/06/2014,09/01/2015,1,1.0,,10/06/201409/01/2015,,Black or African American
661,M,2,09/08/2014,10/16/2014,1,1.0,,09/08/201410/16/2014,,Black or African American
662,F,2,11/03/1997,07/10/2015,1,1.0,,11/03/199707/10/2015,,Black or African American
663,M,1,08/07/2012,06/27/2014,1,1.0,,08/07/201206/27/2014,,Black or African American
664,M,2,01/25/1999,01/22/2014,1,1.0,,01/25/199901/22/2014,,Black or African American
665,M,1,01/18/1999,07/22/2014,2,1.0,,01/18/199907/22/2014,,Black or African American
666,F,1,06/28/2010,02/13/2015,1,1.0,,06/28/201002/13/2015,,Black or African American
667,F,1,02/22/2011,06/10/2014,1,1.0,,02/22/201106/10/2014,,Black or African American
668,F,1,05/02/2013,07/16/2014,2,1.0,,05/02/201307/16/2014,,Black or African American
669,F,1,07/23/2013,06/13/2014,1,1.0,,07/23/201306/13/2014,,Black or African American
670,F,2,10/29/2012,10/17/2014,1,1.0,,10/29/201210/17/2014,,Black or African American
671,F,2,11/05/2012,06/02/2014,2,1.0,,11/05/201206/02/2014,,Black or African American
672,M,1,09/09/2013,09/08/2015,2,1.0,,09/09/201309/08/2015,,Black or African American
673,F,2,05/11/2009,08/29/2014,1,1.0,,05/11/200908/29/2014,,Black or African American
674,F,2,05/19/2014,08/28/2014,1,1.0,,05/19/201408/28/2014,,Black or African American
675,M,2,11/05/2009,03/27/2014,1,1.0,,11/05/200903/27/2014,,Black or African American
676,M,2,12/07/2009,02/16/2015,2,1.0,,12/07/200902/16/2015,,Black or African American
677,F,2,04/08/2013,05/30/2014,1,1.0,,04/08/201305/30/2014,,Black or African American
678,M,1,12/03/2012,04/04/2014,2,1.0,,12/03/201204/04/2014,,Black or African American
679,F,2,12/26/2012,03/31/2015,1,1.0,,12/26/201203/31/2015,,Black or African American
680,M,2,06/24/2013,04/29/2014,1,1.0,,06/24/201304/29/2014,,Black or African American
681,M,2,04/07/2014,05/09/2014,1,3.0,,04/07/201405/09/2014,,Black or African American
682,M,1,11/04/2013,02/14/2014,1,1.0,,11/04/201302/14/2014,,Black or African American
683,F,1,05/20/2014,05/10/2016,1,1.0,,05/20/201405/10/2016,,Black or African American
684,F,2,05/12/2014,08/07/2014,1,1.0,,05/12/201408/07/2014,,Black or African American
685,M,2,01/16/2006,06/06/2014,1,1.0,,01/16/200606/06/2014,,Black or African American
686,M,2,09/07/1999,08/08/2014,2,1.0,,09/07/199908/08/2014,,Black or African American
687,M,1,08/29/2011,09/14/2015,2,1.0,,08/29/201109/14/2015,,Black or African American
688,M,1,09/29/2014,01/15/2015,2,1.0,,09/29/201401/15/2015,,Black or African American
689,M,1,12/12/2011,08/15/2014,1,1.0,,12/12/201108/15/2014,,Black or African American
690,F,2,07/28/2008,01/13/2014,2,4.0,,07/28/200801/13/2014,,Black or African American
691,M,1,04/15/2013,08/21/2014,1,1.0,,04/15/201308/21/2014,,Black or African American
692,M,2,11/24/2014,04/06/2015,1,1.0,,11/24/201404/06/2015,,Black or African American
693,M,2,11/24/2014,08/25/2015,1,1.0,,11/24/201408/25/2015,,Black or African American
694,M,1,09/12/2007,10/02/2015,1,1.0,,09/12/200710/02/2015,,Black or African American
695,M,1,11/24/2014,11/13/2015,1,1.0,,11/24/201411/13/2015,,Black or African American
696,F,2,09/14/2009,04/20/2015,1,1.0,,09/14/200904/20/2015,,Black or African American
697,F,2,06/02/2014,05/29/2015,1,1.0,,06/02/201405/29/2015,,Black or African American
698,M,2,01/05/2015,05/04/2015,1,1.0,,01/05/201505/04/2015,,Black or African American
699,F,1,02/18/2015,04/12/2016,1,1.0,,02/18/201504/12/2016,,Black or African American
700,F,1,03/16/2015,05/31/2016,1,1.0,,03/16/201505/31/2016,,Black or African American
701,M,1,02/22/2011,05/12/2016,1,1.0,,02/22/201105/12/2016,,Black or African American
702,M,2,02/16/2015,06/16/2015,2,1.0,,02/16/201506/16/2015,,Black or African American
703,F,1,04/06/2015,07/22/2015,1,1.0,,04/06/201507/22/2015,,Black or African American
704,M,2,03/23/2015,05/06/2015,2,1.0,,03/23/201505/06/2015,,Black or African American
705,F,2,05/18/2015,08/14/2015,1,1.0,,05/18/201508/14/2015,,Black or African American
706,F,2,05/26/2015,08/21/2015,2,1.0,,05/26/201508/21/2015,,Black or African American
707,M,2,05/11/2015,08/21/2015,1,1.0,,05/11/201508/21/2015,,Black or African American
708,M,1,08/17/2015,11/09/2015,2,1.0,,08/17/201511/09/2015,,Black or African American
709,F,1,08/11/2015,08/11/2016,1,1.0,,08/11/201508/11/2016,,Black or African American
710,M,2,03/01/2010,03/31/2016,1,1.0,,03/01/201003/31/2016,,Black or African American
711,M,2,06/06/2011,08/18/2016,1,1.0,,06/06/201108/18/2016,,Black or African American
712,M,2,01/23/2012,10/19/2016,1,1.0,,01/23/201210/19/2016,,Black or African American
713,F,1,10/05/2015,01/06/2017,1,1.0,,10/05/201501/06/2017,,Black or African American
714,F,2,11/16/2015,12/03/2015,2,1.0,,11/16/201512/03/2015,,Black or African American
715,M,2,10/24/2011,07/26/2016,1,1.0,,10/24/201107/26/2016,,Black or African American
716,F,2,07/21/2014,01/13/2017,1,1.0,,07/21/201401/13/2017,,Black or African American
717,M,2,11/16/2015,10/11/2016,1,1.0,,11/16/201510/11/2016,,Black or African American
718,M,2,11/02/2015,01/29/2016,2,1.0,,11/02/201501/29/2016,,Black or African American
719,M,2,07/06/2015,11/20/2015,1,1.0,,07/06/201511/20/2015,,Black or African American
720,M,1,08/24/2015,05/04/2016,1,1.0,,08/24/201505/04/2016,,Black or African American
721,M,1,08/24/2015,09/11/2015,1,1.0,,08/24/201509/11/2015,,Black or African American
722,M,2,02/11/2014,06/17/2016,2,1.0,,02/11/201406/17/2016,,Black or African American
723,F,2,03/27/2014,10/28/2016,1,1.0,,03/27/201410/28/2016,,Black or African American
724,F,2,01/05/2004,06/10/2016,1,1.0,,01/05/200406/10/2016,,Black or African American
725,F,2,09/15/2011,09/09/2016,1,1.0,,09/15/201109/09/2016,,Black or African American
726,F,2,02/23/2015,08/24/2015,1,1.0,,02/23/201508/24/2015,,Black or African American
727,M,2,07/13/2015,12/30/2015,1,1.0,,07/13/201512/30/2015,,Black or African American
728,F,2,07/20/2015,05/20/2016,1,1.0,,07/20/201505/20/2016,,Black or African American
729,M,2,11/24/2014,08/14/2015,1,1.0,,11/24/201408/14/2015,,Black or African American
730,F,2,02/20/2012,10/10/2014,1,1.0,,02/20/201210/10/2014,,Black or African American
731,F,2,11/16/2015,12/16/2016,1,1.0,,11/16/201512/16/2016,,Black or African American
732,M,2,05/16/2005,09/22/2016,2,1.0,,05/16/200509/22/2016,,Black or African American
733,M,2,12/11/1998,12/12/2016,2,2.0,,12/11/199812/12/2016,,Black or African American
734,M,2,12/31/2014,03/25/2016,1,1.0,,12/31/201403/25/2016,,Black or African American
735,M,2,07/14/2008,10/05/2016,1,1.0,,07/14/200810/05/2016,,Black or African American
736,M,2,01/05/2015,10/30/2015,2,1.0,,01/05/201510/30/2015,,Black or African American
737,F,2,01/10/2011,03/14/2016,1,1.0,,01/10/201103/14/2016,,Black or African American
738,F,2,07/07/2010,12/16/2016,1,1.0,,07/07/201012/16/2016,,Black or African American
739,M,2,09/03/2013,10/28/2015,2,1.0,,09/03/201310/28/2015,,Black or African American
740,M,2,05/07/2014,10/23/2015,2,2.0,,05/07/201410/23/2015,,Black or African American
741,M,2,09/15/2014,09/18/2015,2,1.0,,09/15/201409/18/2015,,Black or African American
742,M,2,04/13/2015,07/28/2016,1,1.0,,04/13/201507/28/2016,,Black or African American
743,M,1,02/22/1990,01/03/2016,1,5.0,,02/22/199001/03/2016,,Black or African American
744,M,2,11/30/2015,04/06/2016,1,1.0,,11/30/201504/06/2016,,Black or African American
745,M,1,02/03/2014,09/15/2016,1,1.0,,02/03/201409/15/2016,,Black or African American
746,M,1,03/14/2016,09/16/2016,1,1.0,,03/14/201609/16/2016,,Black or African American
747,F,1,02/16/2016,03/08/2016,1,1.0,,02/16/201603/08/2016,,Black or African American
748,M,1,08/11/2014,07/17/2015,1,1.0,,08/11/201407/17/2015,,Black or African American
749,M,2,06/13/2016,07/29/2016,1,1.0,,06/13/201607/29/2016,,Black or African American
750,M,2,07/02/2007,09/21/2007,1,1.0,,07/02/200709/21/2007,,Black or African American
751,F,2,05/03/2011,11/14/2014,1,1.0,,05/03/201111/14/2014,,Black or African American
752,M,1,05/26/2008,12/12/2014,1,1.0,,05/26/200812/12/2014,,Black or African American
753,M,1,08/02/2007,01/31/2014,1,1.0,,08/02/200701/31/2014,,Black or African American
754,F,1,06/11/2012,09/16/2016,1,1.0,,06/11/201209/16/2016,,Black or African American
755,M,1,03/21/2011,01/23/2016,2,1.0,,03/21/201101/23/2016,,Black or African American
756,M,1,06/07/2007,11/17/2015,1,1.0,,06/07/200711/17/2015,,Black or African American
757,M,1,05/29/2000,08/26/2016,1,1.0,,05/29/200008/26/2016,,Black or African American
758,F,1,10/01/2007,10/23/2015,2,1.0,,10/01/200710/23/2015,,Black or African American
759,F,1,09/26/2006,07/04/2014,1,1.0,,09/26/200607/04/2014,,Black or African American
760,M,1,06/04/2012,11/07/2014,1,5.0,,06/04/201211/07/2014,,Black or African American
761,M,1,02/09/1987,02/28/2014,2,5.0,,02/09/198702/28/2014,,Black or African American
762,M,1,10/09/2012,03/16/2015,2,1.0,,10/09/201203/16/2015,,Black or African American
763,M,1,01/26/2004,11/30/2016,1,1.0,,01/26/200411/30/2016,,Black or African American
764,M,1,02/26/2008,01/17/2014,2,1.0,,02/26/200801/17/2014,,Black or African American
765,M,1,07/14/2014,10/17/2014,1,1.0,,07/14/201410/17/2014,,Black or African American
766,M,1,08/25/2007,10/19/2015,2,1.0,,08/25/200710/19/2015,,Black or African American
767,M,1,11/19/2007,07/09/2014,1,1.0,,11/19/200707/09/2014,,Black or African American
768,F,1,09/17/2007,08/09/2016,1,1.0,,09/17/200708/09/2016,,Black or African American
769,F,1,10/15/2013,06/24/2015,1,1.0,,10/15/201306/24/2015,,Black or African American
770,M,1,06/02/2014,05/06/2015,1,1.0,,06/02/201405/06/2015,,Black or African American
771,F,1,07/09/2012,07/25/2014,1,1.0,,07/09/201207/25/2014,,Black or African American
772,F,1,07/26/2007,06/10/2016,1,1.0,,07/26/200706/10/2016,,Black or African American
773,F,2,07/13/2009,01/31/2014,2,1.0,,07/13/200901/31/2014,,Black or African American
774,F,2,07/13/2009,03/14/2014,1,1.0,,07/13/200903/14/2014,,Black or African American
775,M,2,07/15/2002,08/08/2014,1,2.0,,07/15/200208/08/2014,,Black or African American
776,F,2,07/15/2013,06/23/2014,1,1.0,,07/15/201306/23/2014,,Black or African American
777,F,2,06/03/2013,08/06/2014,1,1.0,,06/03/201308/06/2014,,Black or African American
778,M,2,05/10/2004,12/19/2014,1,1.0,,05/10/200412/19/2014,,Black or African American
779,M,2,05/10/2004,03/21/2014,1,1.0,,05/10/200403/21/2014,,Black or African American
780,F,2,01/21/2013,03/09/2015,1,1.0,,01/21/201303/09/2015,,Black or African American
781,M,2,09/03/2013,01/24/2014,2,1.0,,09/03/201301/24/2014,,Black or African American
782,F,2,08/18/2014,02/13/2015,1,1.0,,08/18/201402/13/2015,,Black or African American
783,M,2,02/17/2010,11/26/2014,1,1.0,,02/17/201011/26/2014,,Black or African American
784,M,2,02/22/2010,08/29/2014,1,1.0,,02/22/201008/29/2014,,Black or African American
785,M,2,05/09/1994,06/12/2015,2,4.0,,05/09/199406/12/2015,,Black or African American
786,F,2,02/16/1998,09/25/2014,1,2.0,,02/16/199809/25/2014,,Black or African American
787,F,2,01/11/1999,10/10/2014,2,2.0,,01/11/199910/10/2014,,Black or African American
788,M,1,09/03/2013,09/30/2014,1,1.0,,09/03/201309/30/2014,,Black or African American
789,M,2,04/02/2012,03/25/2014,1,1.0,,04/02/201203/25/2014,,Black or African American
790,F,2,10/14/2013,10/17/2014,1,1.0,,10/14/201310/17/2014,,Black or African American
791,M,2,12/09/2013,01/16/2014,2,1.0,,12/09/201301/16/2014,,Black or African American
792,M,2,09/26/2011,02/17/2014,1,1.0,,09/26/201102/17/2014,,Black or African American
793,M,2,10/22/2012,07/15/2014,1,1.0,,10/22/201207/15/2014,,Black or African American
794,M,2,05/14/2012,10/17/2014,1,1.0,,05/14/201210/17/2014,,Black or African American
795,F,2,02/06/2012,09/29/2014,1,1.0,,02/06/201209/29/2014,,Black or African American
796,M,2,06/04/2012,05/28/2014,1,1.0,,06/04/201205/28/2014,,Black or African American
797,M,2,07/01/2013,12/04/2014,2,1.0,,07/01/201312/04/2014,,Black or African American
798,F,2,10/22/2012,06/05/2014,1,1.0,,10/22/201206/05/2014,,Black or African American
799,F,2,06/06/2014,09/05/2014,1,1.0,,06/06/201409/05/2014,,Black or African American
800,M,2,02/25/2013,04/28/2014,1,1.0,,02/25/201304/28/2014,,Black or African American
801,F,2,08/30/2013,07/11/2014,1,1.0,,08/30/201307/11/2014,,Black or African American
802,F,2,09/23/2013,07/13/2015,2,1.0,,09/23/201307/13/2015,,Black or African American
803,M,2,10/17/2011,08/12/2015,1,1.0,,10/17/201108/12/2015,,Black or African American
804,M,2,02/18/2013,08/06/2015,2,1.0,,02/18/201308/06/2015,,Black or African American
805,M,2,06/20/2011,08/28/2014,1,1.0,,06/20/201108/28/2014,,Black or African American
806,M,2,07/18/2011,01/24/2014,1,1.0,,07/18/201101/24/2014,,Black or African American
807,M,2,08/05/2013,09/16/2014,1,1.0,,08/05/201309/16/2014,,Black or African American
808,F,2,12/30/2013,03/20/2015,1,5.0,,12/30/201303/20/2015,,Black or African American
809,F,2,02/10/2014,08/31/2015,2,1.0,,02/10/201408/31/2015,,Black or African American
810,M,2,10/29/2007,12/30/2014,1,1.0,,10/29/200712/30/2014,,Black or African American
811,F,2,05/14/2012,02/14/2014,1,1.0,,05/14/201202/14/2014,,Black or African American
812,M,2,05/31/2012,05/14/2014,1,1.0,,05/31/201205/14/2014,,Black or African American
813,M,2,09/08/2014,11/06/2014,1,1.0,,09/08/201411/06/2014,,Black or African American
814,F,2,07/28/2014,06/05/2015,1,1.0,,07/28/201406/05/2015,,Black or African American
815,M,1,01/02/1989,04/30/2015,1,8.0,,01/02/198904/30/2015,,Black or African American
816,M,1,03/09/1992,07/22/2014,2,1.0,,03/09/199207/22/2014,,Black or African American
817,M,2,02/17/2014,05/06/2015,1,1.0,,02/17/201405/06/2015,,Black or African American
818,F,1,07/04/1988,06/06/2014,1,4.0,,07/04/198806/06/2014,,Black or African American
819,F,2,11/30/2006,01/17/2014,1,1.0,,11/30/200601/17/2014,,Black or African American
820,M,2,05/08/2000,02/26/2014,1,7.0,,05/08/200002/26/2014,,Black or African American
821,F,2,10/15/2001,06/17/2014,1,1.0,,10/15/200106/17/2014,,Black or African American
822,F,2,09/09/2002,09/12/2014,1,1.0,,09/09/200209/12/2014,,Black or African American
823,M,2,04/09/2012,08/04/2014,1,1.0,,04/09/201208/04/2014,,Black or African American
824,M,2,05/14/2012,06/27/2014,1,1.0,,05/14/201206/27/2014,,Black or African American
825,M,2,07/07/2014,05/19/2015,1,1.0,,07/07/201405/19/2015,,Black or African American
826,M,2,11/07/2011,05/15/2014,2,1.0,,11/07/201105/15/2014,,Black or African American
827,F,2,03/14/2013,05/30/2014,1,1.0,,03/14/201305/30/2014,,Black or African American
828,M,2,04/08/2013,01/30/2015,1,1.0,,04/08/201301/30/2015,,Black or African American
829,M,1,11/19/2012,04/10/2015,1,1.0,,11/19/201204/10/2015,,Black or African American
830,M,2,04/02/2014,04/08/2014,2,1.0,,04/02/201404/08/2014,,Black or African American
831,M,1,10/07/2013,09/05/2014,2,1.0,,10/07/201309/05/2014,,Black or African American
832,M,1,05/20/2014,11/25/2016,1,1.0,,05/20/201411/25/2016,,Black or African American
833,F,1,11/18/2013,07/30/2015,1,1.0,,11/18/201307/30/2015,,Black or African American
834,M,2,08/11/1998,05/09/2015,2,1.0,,08/11/199805/09/2015,,Black or African American
835,M,2,12/10/1990,02/12/2015,2,4.0,,12/10/199002/12/2015,,Black or African American
836,M,2,06/18/2007,03/31/2015,1,7.0,,06/18/200703/31/2015,,Black or African American
837,M,1,02/10/2014,05/21/2015,1,1.0,,02/10/201405/21/2015,,Black or African American
838,M,1,10/21/2013,05/12/2016,1,1.0,,10/21/201305/12/2016,,Black or African American
839,F,1,11/24/2014,12/29/2014,2,1.0,,11/24/201412/29/2014,,Black or African American
840,M,2,11/10/2014,06/12/2015,1,1.0,,11/10/201406/12/2015,,Black or African American
841,M,2,12/01/2014,02/02/2015,1,2.0,,12/01/201402/02/2015,,Black or African American
842,M,1,11/11/2008,01/02/2015,1,1.0,,11/11/200801/02/2015,,Black or African American
843,M,2,12/23/2014,12/25/2014,2,1.0,,12/23/201412/25/2014,,Black or African American
844,M,1,03/09/2015,06/22/2015,1,1.0,,03/09/201506/22/2015,,Black or African American
845,M,2,03/23/2015,04/14/2015,1,1.0,,03/23/201504/14/2015,,Black or African American
846,M,1,04/06/2015,02/01/2016,2,1.0,,04/06/201502/01/2016,,Black or African American
847,F,2,06/17/2013,07/14/2015,1,1.0,,06/17/201307/14/2015,,Black or African American
848,M,2,01/03/2012,08/14/2015,1,1.0,,01/03/201208/14/2015,,Black or African American
849,M,2,09/24/2014,12/29/2016,1,1.0,,09/24/201412/29/2016,,Black or African American
850,F,2,05/17/2010,12/20/2016,1,1.0,,05/17/201012/20/2016,,Black or African American
851,M,2,06/24/1996,10/21/2016,1,4.0,,06/24/199610/21/2016,,Black or African American
852,M,2,07/31/2000,09/29/2015,2,1.0,,07/31/200009/29/2015,,Black or African American
853,M,2,09/19/2011,09/08/2016,2,2.0,,09/19/201109/08/2016,,Black or African American
854,M,2,10/20/2014,01/04/2016,1,1.0,,10/20/201401/04/2016,,Black or African American
855,F,2,06/16/2014,07/13/2016,1,1.0,,06/16/201407/13/2016,,Black or African American
856,M,2,04/11/2005,03/31/2016,1,5.0,,04/11/200503/31/2016,,Black or African American
857,M,2,05/04/2015,10/24/2016,2,1.0,,05/04/201510/24/2016,,Black or African American
858,M,2,03/20/2006,06/17/2016,1,1.0,,03/20/200606/17/2016,,Black or African American
859,M,2,04/02/2012,09/13/2016,1,1.0,,04/02/201209/13/2016,,Black or African American
860,M,2,11/05/2013,12/01/2016,2,1.0,,11/05/201312/01/2016,,Black or African American
861,M,2,07/21/2014,09/09/2015,2,1.0,,07/21/201409/09/2015,,Black or African American
862,F,2,08/24/2015,06/27/2016,1,1.0,,08/24/201506/27/2016,,Black or African American
863,F,2,10/28/2013,07/15/2016,1,1.0,,10/28/201307/15/2016,,Black or African American
864,F,2,01/03/2014,07/05/2016,1,1.0,,01/03/201407/05/2016,,Black or African American
865,F,2,06/16/2014,06/30/2016,1,1.0,,06/16/201406/30/2016,,Black or African American
866,M,2,06/30/2014,09/07/2016,1,1.0,,06/30/201409/07/2016,,Black or African American
867,M,1,08/24/2015,09/11/2016,1,1.0,,08/24/201509/11/2016,,Black or African American
868,F,1,08/24/2015,08/31/2016,1,1.0,,08/24/201508/31/2016,,Black or African American
869,M,2,02/11/2014,07/15/2016,2,1.0,,02/11/201407/15/2016,,Black or African American
870,M,2,06/29/2015,10/19/2016,1,1.0,,06/29/201510/19/2016,,Black or African American
871,M,2,07/27/2015,07/07/2016,1,1.0,,07/27/201507/07/2016,,Black or African American
872,M,2,05/18/2015,06/14/2016,1,1.0,,05/18/201506/14/2016,,Black or African American
873,M,2,01/04/1993,09/19/2016,1,1.0,,01/04/199309/19/2016,,Black or African American
874,F,2,12/05/2005,12/24/2015,1,1.0,,12/05/200512/24/2015,,Black or African American
875,F,2,05/02/2006,05/31/2016,1,1.0,,05/02/200605/31/2016,,Black or African American
876,M,2,12/28/2015,09/13/2016,2,1.0,,12/28/201509/13/2016,,Black or African American
877,F,2,03/17/2014,11/10/2015,1,1.0,,03/17/201411/10/2015,,Black or African American
878,F,2,12/12/2011,08/18/2016,1,1.0,,12/12/201108/18/2016,,Black or African American
879,F,2,10/27/2014,08/02/2016,1,1.0,,10/27/201408/02/2016,,Black or African American
880,M,2,11/10/2014,01/29/2016,1,1.0,,11/10/201401/29/2016,,Black or African American
881,F,2,03/17/2014,04/18/2016,1,1.0,,03/17/201404/18/2016,,Black or African American
882,M,2,05/16/2005,09/23/2016,2,1.0,,05/16/200509/23/2016,,Black or African American
883,M,2,08/18/2014,10/21/2015,2,1.0,,08/18/201410/21/2015,,Black or African American
884,F,2,10/20/2008,03/01/2016,1,1.0,,10/20/200803/01/2016,,Black or African American
885,M,2,08/30/2010,10/05/2015,2,1.0,,08/30/201010/05/2015,,Black or African American
886,F,2,04/04/2011,06/27/2016,2,1.0,,04/04/201106/27/2016,,Black or African American
887,F,2,01/14/2013,09/18/2015,2,1.0,,01/14/201309/18/2015,,Black or African American
888,M,2,11/18/2013,09/13/2016,2,1.0,,11/18/201309/13/2016,,Black or African American
889,M,2,08/19/2013,11/06/2015,1,1.0,,08/19/201311/06/2015,,Black or African American
890,M,2,07/07/2014,04/22/2016,1,1.0,,07/07/201404/22/2016,,Black or African American
891,M,2,04/21/2014,07/11/2016,1,1.0,,04/21/201407/11/2016,,Black or African American
892,M,2,07/07/2014,10/02/2015,1,1.0,,07/07/201410/02/2015,,Black or African American
893,M,2,10/20/2014,07/19/2016,1,1.0,,10/20/201407/19/2016,,Black or African American
894,F,2,06/11/2014,10/17/2016,2,1.0,,06/11/201410/17/2016,,Black or African American
895,M,1,03/21/2016,08/31/2016,1,1.0,,03/21/201608/31/2016,,Black or African American
896,M,1,04/05/2016,09/29/2016,1,1.0,,04/05/201609/29/2016,,Black or African American
897,F,1,01/25/2016,01/25/2016,1,1.0,,01/25/201601/25/2016,,Black or African American
898,M,2,05/16/2016,10/05/2016,1,1.0,,05/16/201610/05/2016,,Black or African American
899,M,1,06/27/2016,08/26/2016,1,1.0,,06/27/201608/26/2016,,Black or African American
900,F,2,05/16/2016,08/12/2016,1,1.0,,05/16/201608/12/2016,,Black or African American
901,F,2,05/16/2016,08/05/2016,1,1.0,,05/16/201608/05/2016,,Black or African American
902,M,1,07/18/2016,01/23/2017,2,1.0,,07/18/201601/23/2017,,Black or African American
903,M,2,08/08/2016,11/29/2016,1,1.0,,08/08/201611/29/2016,,Black or African American
904,M,2,11/28/2016,01/05/2017,1,1.0,,11/28/201601/05/2017,,Black or African American
905,M,1,09/15/2010,08/13/2014,2,1.0,,09/15/201008/13/2014,,Black or African American
906,F,1,08/25/2003,04/01/2016,1,1.0,,08/25/200304/01/2016,,Black or African American
907,F,1,09/25/2006,05/29/2015,1,1.0,,09/25/200605/29/2015,,Black or African American
908,F,1,07/09/2012,12/05/2014,1,1.0,,07/09/201212/05/2014,,Black or African American
909,F,1,07/30/2012,09/14/2015,1,1.0,,07/30/201209/14/2015,,Black or African American
910,M,1,08/07/2012,12/12/2014,2,1.0,,08/07/201212/12/2014,,Black or African American
911,F,1,04/06/1987,08/21/2015,1,1.0,,04/06/198708/21/2015,,Black or African American
912,M,1,06/04/2012,07/28/2014,2,1.0,,06/04/201207/28/2014,,Black or African American
913,M,1,06/14/2007,06/16/2014,2,1.0,,06/14/200706/16/2014,,Black or African American
914,F,1,03/05/2012,07/15/2015,1,1.0,,03/05/201207/15/2015,,Black or African American
915,M,1,10/07/2013,10/28/2014,2,1.0,,10/07/201310/28/2014,,Black or African American
916,M,1,01/15/2014,06/27/2014,2,1.0,,01/15/201406/27/2014,,Black or African American
917,F,1,05/26/2014,07/31/2015,1,1.0,,05/26/201407/31/2015,,Black or African American
918,F,1,09/29/2008,08/06/2014,1,1.0,,09/29/200808/06/2014,,Black or African American
919,F,2,07/12/2010,10/16/2014,1,1.0,,07/12/201010/16/2014,,Black or African American
920,M,2,09/29/2003,12/09/2014,1,1.0,,09/29/200312/09/2014,,Black or African American
921,M,2,07/06/2004,01/05/2015,1,1.0,,07/06/200401/05/2015,,Black or African American
922,M,2,03/11/2002,02/02/2015,1,2.0,,03/11/200202/02/2015,,Black or African American
923,F,2,07/27/2004,04/04/2014,2,1.0,,07/27/200404/04/2014,,Black or African American
924,F,2,03/31/2014,05/09/2014,1,1.0,,03/31/201405/09/2014,,Black or African American
925,M,2,03/01/2010,04/30/2015,1,7.0,,03/01/201004/30/2015,,Black or African American
926,M,2,10/10/2011,06/24/2015,1,1.0,,10/10/201106/24/2015,,Black or African American
927,M,2,04/05/2010,06/02/2014,1,1.0,,04/05/201006/02/2014,,Black or African American
928,F,2,04/19/2010,03/27/2015,1,2.0,,04/19/201003/27/2015,,Black or African American
929,F,2,07/14/2014,11/26/2014,2,1.0,,07/14/201411/26/2014,,Black or African American
930,M,1,08/13/2012,07/02/2014,1,1.0,,08/13/201207/02/2014,,Black or African American
931,M,2,03/21/2011,09/02/2014,2,1.0,,03/21/201109/02/2014,,Black or African American
932,M,2,02/27/2012,09/11/2014,1,1.0,,02/27/201209/11/2014,,Black or African American
933,M,2,02/03/2014,04/25/2014,2,1.0,,02/03/201404/25/2014,,Black or African American
934,M,2,01/27/2014,08/29/2014,2,1.0,,01/27/201408/29/2014,,Black or African American
935,M,2,06/30/2014,10/31/2014,1,1.0,,06/30/201410/31/2014,,Black or African American
936,F,2,01/20/2014,10/17/2014,1,1.0,,01/20/201410/17/2014,,Black or African American
937,F,2,09/06/2011,07/15/2015,1,1.0,,09/06/201107/15/2015,,Black or African American
938,M,2,05/07/2012,01/10/2014,1,1.0,,05/07/201201/10/2014,,Black or African American
939,M,2,07/31/2014,04/03/2015,2,1.0,,07/31/201404/03/2015,,Black or African American
940,M,2,05/29/2012,03/03/2015,1,1.0,,05/29/201203/03/2015,,Black or African American
941,F,2,03/04/2014,03/02/2015,1,1.0,,03/04/201403/02/2015,,Black or African American
942,F,2,01/28/2013,07/31/2014,1,1.0,,01/28/201307/31/2014,,Black or African American
943,F,2,03/11/2013,09/23/2014,1,1.0,,03/11/201309/23/2014,,Black or African American
944,M,2,11/11/2013,12/10/2014,2,1.0,,11/11/201312/10/2014,,Black or African American
945,M,2,08/28/2006,08/27/2014,1,1.0,,08/28/200608/27/2014,,Black or African American
946,F,1,07/21/2014,08/22/2014,2,1.0,,07/21/201408/22/2014,,Black or African American
947,F,2,08/30/2010,05/21/2014,1,1.0,,08/30/201005/21/2014,,Black or African American
948,M,2,09/13/2010,05/20/2015,1,1.0,,09/13/201005/20/2015,,Black or African American
949,F,2,02/10/1992,04/04/2014,2,1.0,,02/10/199204/04/2014,,Black or African American
950,M,2,04/04/2005,05/13/2014,2,1.0,,04/04/200505/13/2014,,Black or African American
951,F,2,10/25/2010,05/01/2015,2,1.0,,10/25/201005/01/2015,,Black or African American
952,F,2,07/25/2011,05/02/2014,2,1.0,,07/25/201105/02/2014,,Black or African American
953,M,1,11/08/2010,11/14/2014,1,1.0,,11/08/201011/14/2014,,Black or African American
954,M,2,06/20/2005,08/12/2014,2,3.0,,06/20/200508/12/2014,,Black or African American
955,M,2,07/15/2013,04/03/2015,1,1.0,,07/15/201304/03/2015,,Black or African American
956,M,2,08/12/2013,07/07/2014,2,1.0,,08/12/201307/07/2014,,Black or African American
957,F,2,08/05/2013,06/19/2015,1,1.0,,08/05/201306/19/2015,,Black or African American
958,F,2,07/21/2014,01/12/2015,1,1.0,,07/21/201401/12/2015,,Black or African American
959,M,2,02/18/2014,04/24/2015,1,1.0,,02/18/201404/24/2015,,Black or African American
960,M,2,12/09/2013,09/03/2014,2,1.0,,12/09/201309/03/2014,,Black or African American
961,F,2,09/02/2008,01/22/2014,2,1.0,,09/02/200801/22/2014,,Black or African American
962,F,2,04/09/2007,06/22/2015,1,1.0,,04/09/200706/22/2015,,Black or African American
963,M,2,08/15/2011,06/12/2015,2,1.0,,08/15/201106/12/2015,,Black or African American
964,F,2,08/30/2011,03/21/2014,1,2.0,,08/30/201103/21/2014,,Black or African American
965,M,2,05/15/2006,06/09/2014,1,1.0,,05/15/200606/09/2014,,Black or African American
966,M,2,06/23/2014,03/24/2015,2,1.0,,06/23/201403/24/2015,,Black or African American
967,F,1,01/21/2013,07/16/2014,2,1.0,,01/21/201307/16/2014,,Black or African American
968,M,1,09/17/2012,02/06/2015,1,1.0,,09/17/201202/06/2015,,Black or African American
969,M,1,03/12/2007,01/08/2016,1,1.0,,03/12/200701/08/2016,,Black or African American
970,M,2,01/07/2013,08/31/2015,1,1.0,,01/07/201308/31/2015,,Black or African American
971,M,2,09/24/2012,07/11/2014,1,1.0,,09/24/201207/11/2014,,Black or African American
972,M,2,07/26/2010,07/16/2014,1,7.0,,07/26/201007/16/2014,,Black or African American
973,F,2,04/16/2012,01/28/2015,1,1.0,,04/16/201201/28/2015,,Black or African American
974,M,2,07/07/2014,05/06/2015,2,1.0,,07/07/201405/06/2015,,Black or African American
975,M,2,09/14/2009,06/30/2015,1,1.0,,09/14/200906/30/2015,,Black or African American
976,M,2,08/23/2010,07/01/2015,1,1.0,,08/23/201007/01/2015,,Black or African American
977,F,2,09/18/2014,12/31/2014,1,1.0,,09/18/201412/31/2014,,Black or African American
978,M,2,09/22/2014,07/15/2015,1,4.0,,09/22/201407/15/2015,,Black or African American
979,F,2,07/09/2012,06/24/2015,1,1.0,,07/09/201206/24/2015,,Black or African American
980,M,2,04/29/2013,05/20/2015,1,1.0,,04/29/201305/20/2015,,Black or African American
981,M,1,07/30/2012,05/06/2015,1,1.0,,07/30/201205/06/2015,,Black or African American
982,M,1,07/08/2013,06/20/2014,2,1.0,,07/08/201306/20/2014,,Black or African American
983,M,2,05/31/2013,07/16/2015,2,1.0,,05/31/201307/16/2015,,Black or African American
984,M,2,06/09/2014,07/11/2014,1,1.0,,06/09/201407/11/2014,,Black or African American
985,M,2,11/17/2014,05/01/2015,1,1.0,,11/17/201405/01/2015,,Black or African American
986,M,2,02/09/2015,02/09/2015,1,1.0,,02/09/201502/09/2015,,Black or African American
987,M,1,03/09/2015,05/20/2015,1,1.0,,03/09/201505/20/2015,,Black or African American
988,M,2,05/18/2015,08/14/2015,1,1.0,,05/18/201508/14/2015,,Black or African American
989,M,1,08/10/2015,11/02/2015,1,1.0,,08/10/201511/02/2015,,Black or African American
990,M,2,10/29/2014,04/08/2016,1,1.0,,10/29/201404/08/2016,,Black or African American
991,M,2,03/30/2009,12/06/2016,2,1.0,,03/30/200912/06/2016,,Black or African American
992,M,2,05/23/1994,01/29/2016,1,7.0,,05/23/199401/29/2016,,Black or African American
993,M,2,08/19/2013,06/23/2016,1,1.0,,08/19/201306/23/2016,,Black or African American
994,F,2,06/18/2012,12/05/2016,1,1.0,,06/18/201212/05/2016,,Black or African American
995,F,2,08/29/2012,02/26/2016,1,1.0,,08/29/201202/26/2016,,Black or African American
996,F,2,02/20/2007,01/04/2016,1,1.0,,02/20/200701/04/2016,,Black or African American
997,M,2,08/01/2013,02/01/2016,1,1.0,,08/01/201302/01/2016,,Black or African American
998,M,2,06/12/2007,07/11/2016,2,2.0,,06/12/200707/11/2016,,Black or African American
999,M,2,11/07/2005,05/18/2016,2,1.0,,11/07/200505/18/2016,,Black or African American
1000,M,2,11/16/2015,06/15/2016,1,1.0,,11/16/201506/15/2016,,Black or African American
1001,M,2,08/10/2015,09/07/2016,1,1.0,,08/10/201509/07/2016,,Black or African American
1002,M,2,08/17/2015,08/29/2016,1,1.0,,08/17/201508/29/2016,,Black or African American
1003,F,2,09/22/2014,12/23/2015,1,1.0,,09/22/201412/23/2015,,Black or African American
1004,F,2,06/23/2014,04/04/2016,1,1.0,,06/23/201404/04/2016,,Black or African American
1005,M,2,06/29/2015,03/18/2016,1,1.0,,06/29/201503/18/2016,,Black or African American
1006,F,2,05/26/2015,06/03/2016,1,1.0,,05/26/201506/03/2016,,Black or African American
1007,M,2,12/27/2011,09/11/2015,1,1.0,,12/27/201109/11/2015,,Black or African American
1008,F,2,05/01/2007,09/15/2015,2,1.0,,05/01/200709/15/2015,,Black or African American
1009,M,2,11/17/2014,05/18/2016,1,1.0,,11/17/201405/18/2016,,Black or African American
1010,M,2,04/07/2014,07/19/2016,1,2.0,,04/07/201407/19/2016,,Black or African American
1011,F,2,04/15/2014,10/07/2015,1,1.0,,04/15/201410/07/2015,,Black or African American
1012,M,2,05/30/2006,07/18/2016,2,1.0,,05/30/200607/18/2016,,Black or African American
1013,F,2,05/01/2006,06/30/2016,2,1.0,,05/01/200606/30/2016,,Black or African American
1014,M,2,09/25/2006,01/22/2016,1,3.0,,09/25/200601/22/2016,,Black or African American
1015,F,2,12/22/2014,12/18/2015,1,1.0,,12/22/201412/18/2015,,Black or African American
1016,M,2,10/13/2008,02/02/2016,1,2.0,,10/13/200802/02/2016,,Black or African American
1017,M,2,11/18/2013,08/05/2016,2,1.0,,11/18/201308/05/2016,,Black or African American
1018,F,2,04/27/2015,07/25/2016,2,1.0,,04/27/201507/25/2016,,Black or African American
1019,M,2,08/05/2013,03/11/2016,1,1.0,,08/05/201303/11/2016,,Black or African American
1020,M,2,07/21/2014,05/17/2016,2,1.0,,07/21/201405/17/2016,,Black or African American
1021,M,2,09/22/2014,11/23/2016,2,1.0,,09/22/201411/23/2016,,Black or African American
1022,F,2,11/10/2014,01/11/2016,1,1.0,,11/10/201401/11/2016,,Black or African American
1023,M,2,09/29/2014,12/17/2015,1,1.0,,09/29/201412/17/2015,,Black or African American
1024,F,2,02/04/2013,08/07/2015,1,1.0,,02/04/201308/07/2015,,Black or African American
1025,F,2,11/16/2015,03/25/2016,1,1.0,,11/16/201503/25/2016,,Black or African American
1026,M,2,04/18/2016,01/17/2017,2,1.0,,04/18/201601/17/2017,,Black or African American
1027,F,1,02/08/2016,03/14/2016,1,1.0,,02/08/201603/14/2016,,Black or African American
1028,M,2,03/07/2016,06/27/2016,1,1.0,,03/07/201606/27/2016,,Black or African American
1029,F,1,02/16/2016,09/02/2016,1,1.0,,02/16/201609/02/2016,,Black or African American
1030,F,1,01/18/2016,05/27/2016,1,1.0,,01/18/201605/27/2016,,Black or African American
1031,M,2,02/08/2016,07/08/2016,1,1.0,,02/08/201607/08/2016,,Black or African American
1032,M,2,04/04/2016,11/23/2016,1,1.0,,04/04/201611/23/2016,,Black or African American
1033,F,2,06/13/2016,06/23/2016,1,1.0,,06/13/201606/23/2016,,Black or African American
1034,M,1,09/27/2016,11/30/2016,1,1.0,,09/27/201611/30/2016,,Black or African American
1035,M,1,06/08/2005,03/06/2015,2,1.0,,06/08/200503/06/2015,,Black or African American
1036,F,1,06/06/2011,11/08/2016,1,1.0,,06/06/201111/08/2016,,Black or African American
1037,F,1,06/14/2007,05/29/2015,1,1.0,,06/14/200705/29/2015,,Black or African American
1038,F,1,11/19/2007,06/05/2014,1,2.0,,11/19/200706/05/2014,,Black or African American
1039,M,1,09/10/1984,04/04/2014,1,1.0,,09/10/198404/04/2014,,Black or African American
1040,M,1,08/19/2013,03/08/2016,2,1.0,,08/19/201303/08/2016,,Black or African American
1041,F,1,11/27/2006,01/17/2014,1,1.0,,11/27/200601/17/2014,,Black or African American
1042,M,1,06/04/2012,03/31/2016,2,1.0,,06/04/201203/31/2016,,Black or African American
1043,F,1,09/02/2014,11/04/2015,2,1.0,,09/02/201411/04/2015,,Black or African American
1044,M,1,08/13/2012,01/03/2017,1,1.0,,08/13/201201/03/2017,,Black or African American
1045,M,1,10/17/1994,10/02/2015,2,5.0,,10/17/199410/02/2015,,Black or African American
1046,F,1,10/15/2012,02/22/2016,1,1.0,,10/15/201202/22/2016,,Black or African American
1047,F,1,08/07/2012,01/04/2016,1,1.0,,08/07/201201/04/2016,,Black or African American
1048,F,1,12/23/2007,01/31/2015,1,1.0,,12/23/200701/31/2015,,Black or African American
1049,F,1,10/21/2013,04/06/2015,1,1.0,,10/21/201304/06/2015,,Black or African American
1050,F,1,12/02/2013,01/16/2014,1,1.0,,12/02/201301/16/2014,,Black or African American
1051,F,1,12/23/2013,08/27/2014,1,1.0,,12/23/201308/27/2014,,Black or African American
1052,F,1,12/01/2005,02/28/2014,1,1.0,,12/01/200502/28/2014,,Black or African American
1053,F,1,06/16/2014,05/22/2015,1,1.0,,06/16/201405/22/2015,,Black or African American
1054,M,1,07/02/2014,08/31/2016,1,1.0,,07/02/201408/31/2016,,Black or African American
1055,M,2,06/06/2011,09/10/2014,1,1.0,,06/06/201109/10/2014,,Black or African American
1056,M,2,08/30/2004,03/27/2015,1,1.0,,08/30/200403/27/2015,,Black or African American
1057,M,1,02/06/2012,02/07/2014,1,1.0,,02/06/201202/07/2014,,Black or African American
1058,F,2,11/25/2013,06/03/2014,1,1.0,,11/25/201306/03/2014,,Black or African American
1059,F,2,12/23/2013,10/03/2014,1,1.0,,12/23/201310/03/2014,,Black or African American
1060,F,2,05/10/2010,06/10/2014,1,1.0,,05/10/201006/10/2014,,Black or African American
1061,M,2,04/12/2010,04/25/2014,1,1.0,,04/12/201004/25/2014,,Black or African American
1062,F,2,08/16/2010,08/29/2014,1,1.0,,08/16/201008/29/2014,,Black or African American
1063,M,2,09/20/2010,04/17/2014,2,1.0,,09/20/201004/17/2014,,Black or African American
1064,M,1,04/24/2000,07/16/2015,1,3.0,,04/24/200007/16/2015,,Black or African American
1065,M,2,01/11/1999,10/21/2014,1,7.0,,01/11/199910/21/2014,,Black or African American
1066,M,1,09/09/2013,01/06/2014,1,1.0,,09/09/201301/06/2014,,Black or African American
1067,M,1,09/10/2013,02/20/2015,1,1.0,,09/10/201302/20/2015,,Black or African American
1068,M,2,02/13/2012,12/01/2014,2,1.0,,02/13/201212/01/2014,,Black or African American
1069,F,2,05/16/2011,03/13/2015,1,1.0,,05/16/201103/13/2015,,Black or African American
1070,M,1,10/01/2013,04/01/2014,2,1.0,,10/01/201304/01/2014,,Black or African American
1071,F,2,08/26/2013,09/01/2015,2,1.0,,08/26/201309/01/2015,,Black or African American
1072,M,2,09/30/2013,10/13/2014,1,1.0,,09/30/201310/13/2014,,Black or African American
1073,F,2,02/16/2012,12/19/2014,1,1.0,,02/16/201212/19/2014,,Black or African American
1074,M,2,08/12/2013,12/19/2014,2,2.0,,08/12/201312/19/2014,,Black or African American
1075,M,2,11/18/2013,09/01/2015,2,1.0,,11/18/201309/01/2015,,Black or African American
1076,M,2,10/30/2013,06/13/2014,1,1.0,,10/30/201306/13/2014,,Black or African American
1077,F,2,07/22/2013,08/05/2015,1,1.0,,07/22/201308/05/2015,,Black or African American
1078,F,2,03/12/2012,07/08/2014,1,1.0,,03/12/201207/08/2014,,Black or African American
1079,M,2,05/19/2014,06/18/2015,1,1.0,,05/19/201406/18/2015,,Black or African American
1080,M,2,04/30/2012,10/03/2014,1,1.0,,04/30/201210/03/2014,,Black or African American
1081,M,2,07/15/2013,06/25/2014,2,1.0,,07/15/201306/25/2014,,Black or African American
1082,M,2,07/21/2014,07/20/2015,2,1.0,,07/21/201407/20/2015,,Black or African American
1083,M,2,09/15/2014,10/24/2014,1,1.0,,09/15/201410/24/2014,,Black or African American
1084,F,2,08/30/2013,03/17/2014,1,1.0,,08/30/201303/17/2014,,Black or African American
1085,M,2,05/18/2012,06/30/2014,1,1.0,,05/18/201206/30/2014,,Black or African American
1086,F,2,02/04/2013,03/26/2014,2,1.0,,02/04/201303/26/2014,,Black or African American
1087,M,2,01/16/2012,08/26/2015,2,1.0,,01/16/201208/26/2015,,Black or African American
1088,F,2,02/01/2012,06/22/2015,2,1.0,,02/01/201206/22/2015,,Black or African American
1089,F,1,01/20/2014,11/03/2016,1,1.0,,01/20/201411/03/2016,,Black or African American
1090,M,2,08/09/2010,11/05/2014,2,1.0,,08/09/201011/05/2014,,Black or African American
1091,M,2,08/30/2010,12/17/2014,1,5.0,,08/30/201012/17/2014,,Black or African American
1092,M,2,09/13/2010,08/28/2014,1,1.0,,09/13/201008/28/2014,,Black or African American
1093,M,2,01/10/2011,10/02/2014,1,1.0,,01/10/201110/02/2014,,Black or African American
1094,M,2,03/05/2012,11/20/2014,1,1.0,,03/05/201211/20/2014,,Black or African American
1095,M,1,11/19/2012,07/16/2014,2,1.0,,11/19/201207/16/2014,,Black or African American
1096,M,2,05/16/2005,12/17/2014,2,1.0,,05/16/200512/17/2014,,Black or African American
1097,M,2,12/06/2010,08/14/2015,1,5.0,,12/06/201008/14/2015,,Black or African American
1098,M,1,03/19/2001,03/28/2014,2,3.0,,03/19/200103/28/2014,,Black or African American
1099,F,2,12/02/2013,01/24/2014,1,1.0,,12/02/201301/24/2014,,Black or African American
1100,M,2,01/06/2014,05/29/2015,1,1.0,,01/06/201405/29/2015,,Black or African American
1101,M,2,06/11/2012,06/30/2015,2,1.0,,06/11/201206/30/2015,,Black or African American
1102,M,2,01/23/2006,11/14/2014,1,1.0,,01/23/200611/14/2014,,Black or African American
1103,F,2,09/01/2011,06/05/2014,1,5.0,,09/01/201106/05/2014,,Black or African American
1104,F,2,07/27/2006,06/27/2014,2,1.0,,07/27/200606/27/2014,,Black or African American
1105,M,2,10/13/2014,01/21/2015,1,1.0,,10/13/201401/21/2015,,Black or African American
1106,M,1,12/20/2011,01/30/2015,1,1.0,,12/20/201101/30/2015,,Black or African American
1107,M,2,06/27/2011,10/31/2014,1,6.0,,06/27/201110/31/2014,,Black or African American
1108,M,1,08/10/1998,02/13/2014,2,5.0,,08/10/199802/13/2014,,Black or African American
1109,M,1,01/15/2010,05/24/2016,2,1.0,,01/15/201005/24/2016,,Black or African American
1110,F,2,12/15/1997,06/05/2014,1,2.0,,12/15/199706/05/2014,,Black or African American
1111,F,1,09/09/1996,08/12/2014,1,1.0,,09/09/199608/12/2014,,Black or African American
1112,M,1,08/12/2013,03/19/2014,1,1.0,,08/12/201303/19/2014,,Black or African American
1113,M,2,04/09/2012,01/31/2014,1,5.0,,04/09/201201/31/2014,,Black or African American
1114,M,2,06/30/2014,01/16/2015,1,1.0,,06/30/201401/16/2015,,Black or African American
1115,M,2,09/08/2014,11/06/2014,2,1.0,,09/08/201411/06/2014,,Black or African American
1116,F,2,04/15/2014,05/20/2014,2,2.0,,04/15/201405/20/2014,,Black or African American
1117,M,2,05/18/2009,07/02/2015,1,2.0,,05/18/200907/02/2015,,Black or African American
1118,M,2,04/26/2010,05/22/2015,1,1.0,,04/26/201005/22/2015,,Black or African American
1119,M,2,10/05/2009,11/26/2014,1,1.0,,10/05/200911/26/2014,,Black or African American
1120,M,2,07/16/2012,06/18/2014,1,1.0,,07/16/201206/18/2014,,Black or African American
1121,F,2,03/17/2014,04/14/2015,1,1.0,,03/17/201404/14/2015,,Black or African American
1122,M,2,06/09/2014,07/13/2015,2,1.0,,06/09/201407/13/2015,,Black or African American
1123,F,1,10/21/2013,05/30/2014,1,1.0,,10/21/201305/30/2014,,Black or African American
1124,M,1,02/24/2014,10/23/2014,1,1.0,,02/24/201410/23/2014,,Black or African American
1125,M,1,07/07/2014,11/21/2016,2,1.0,,07/07/201411/21/2016,,Black or African American
1126,F,2,10/13/1995,06/09/2015,2,1.0,,10/13/199506/09/2015,,Black or African American
1127,M,1,01/04/2012,01/03/2014,1,1.0,,01/04/201201/03/2014,,Black or African American
1128,F,1,02/21/2012,10/23/2014,1,1.0,,02/21/201210/23/2014,,Black or African American
1129,M,1,09/03/2013,12/19/2014,1,1.0,,09/03/201312/19/2014,,Black or African American
1130,F,1,11/24/2014,12/24/2014,2,1.0,,11/24/201412/24/2014,,Black or African American
1131,M,1,02/23/2015,06/10/2016,1,1.0,,02/23/201506/10/2016,,Black or African American
1132,M,2,02/23/2015,08/26/2015,1,1.0,,02/23/201508/26/2015,,Black or African American
1133,M,1,02/22/2011,08/15/2014,1,1.0,,02/22/201108/15/2014,,Black or African American
1134,M,1,02/23/2015,08/11/2016,1,1.0,,02/23/201508/11/2016,,Black or African American
1135,M,2,03/23/2015,06/15/2015,2,2.0,,03/23/201506/15/2015,,Black or African American
1136,F,2,05/18/2015,08/27/2015,1,1.0,,05/18/201508/27/2015,,Black or African American
1137,M,1,07/27/2015,08/26/2016,1,1.0,,07/27/201508/26/2016,,Black or African American
1138,M,2,11/11/2010,04/23/2014,1,1.0,,11/11/201004/23/2014,,Black or African American
1139,M,2,04/12/2010,08/01/2016,2,1.0,,04/12/201008/01/2016,,Black or African American
1140,M,2,04/20/2015,05/24/2016,2,1.0,,04/20/201505/24/2016,,Black or African American
1141,M,2,12/04/2006,07/31/2016,1,2.0,,12/04/200607/31/2016,,Black or African American
1142,M,2,05/18/2015,04/22/2016,1,1.0,,05/18/201504/22/2016,,Black or African American
1143,F,2,05/13/2013,10/07/2016,1,1.0,,05/13/201310/07/2016,,Black or African American
1144,M,2,12/11/2013,01/05/2017,1,1.0,,12/11/201301/05/2017,,Black or African American
1145,M,2,10/27/2014,05/27/2016,1,1.0,,10/27/201405/27/2016,,Black or African American
1146,F,2,10/19/2015,07/22/2016,1,1.0,,10/19/201507/22/2016,,Black or African American
1147,M,2,05/12/2014,08/08/2014,1,1.0,,05/12/201408/08/2014,,Black or African American
1148,F,1,01/04/2016,12/09/2016,1,1.0,,01/04/201612/09/2016,,Black or African American
1149,F,2,02/15/2012,06/08/2016,1,1.0,,02/15/201206/08/2016,,Black or African American
1150,M,1,08/24/2015,09/21/2016,1,1.0,,08/24/201509/21/2016,,Black or African American
1151,F,2,02/02/2015,11/19/2015,1,1.0,,02/02/201511/19/2015,,Black or African American
1152,F,2,02/02/2015,12/18/2015,1,1.0,,02/02/201512/18/2015,,Black or African American
1153,F,2,11/17/2014,03/04/2016,1,1.0,,11/17/201403/04/2016,,Black or African American
1154,F,2,12/01/2014,06/10/2016,1,1.0,,12/01/201406/10/2016,,Black or African American
1155,M,2,07/13/2015,07/11/2016,2,1.0,,07/13/201507/11/2016,,Black or African American
1156,M,2,05/18/2015,04/07/2016,1,1.0,,05/18/201504/07/2016,,Black or African American
1157,F,2,08/05/1996,10/20/2015,1,1.0,,08/05/199610/20/2015,,Black or African American
1158,F,2,06/08/2015,01/08/2016,1,1.0,,06/08/201501/08/2016,,Black or African American
1159,F,2,02/12/1992,08/19/2016,1,1.0,,02/12/199208/19/2016,,Black or African American
1160,M,2,08/20/2007,06/03/2016,2,1.0,,08/20/200706/03/2016,,Black or African American
1161,M,2,03/18/2013,03/18/2016,2,1.0,,03/18/201303/18/2016,,Black or African American
1162,M,2,08/12/2013,03/25/2016,1,1.0,,08/12/201303/25/2016,,Black or African American
1163,M,2,06/09/2014,12/30/2016,1,1.0,,06/09/201412/30/2016,,Black or African American
1164,M,2,07/07/2014,12/21/2015,1,2.0,,07/07/201412/21/2015,,Black or African American
1165,M,2,11/30/2015,09/16/2016,1,1.0,,11/30/201509/16/2016,,Black or African American
1166,F,2,06/29/2015,10/30/2015,1,1.0,,06/29/201510/30/2015,,Black or African American
1167,M,2,06/30/2014,09/26/2016,1,1.0,,06/30/201409/26/2016,,Black or African American
1168,M,2,06/23/2014,12/02/2015,2,1.0,,06/23/201412/02/2015,,Black or African American
1169,M,2,11/07/1995,08/05/2016,2,1.0,,11/07/199508/05/2016,,Black or African American
1170,M,2,09/14/2009,12/04/2015,1,1.0,,09/14/200912/04/2015,,Black or African American
1171,M,2,05/24/2010,05/06/2016,1,1.0,,05/24/201005/06/2016,,Black or African American
1172,M,2,01/12/2015,10/28/2015,2,1.0,,01/12/201510/28/2015,,Black or African American
1173,M,2,11/08/2010,03/16/2016,1,1.0,,11/08/201003/16/2016,,Black or African American
1174,M,2,02/24/2011,09/22/2016,1,3.0,,02/24/201109/22/2016,,Black or African American
1175,M,2,04/20/1998,02/19/2016,1,6.0,,04/20/199802/19/2016,,Black or African American
1176,M,2,11/01/2011,01/05/2017,1,1.0,,11/01/201101/05/2017,,Black or African American
1177,M,2,12/27/2011,11/20/2015,2,1.0,,12/27/201111/20/2015,,Black or African American
1178,M,1,03/04/1996,01/03/2016,1,7.0,,03/04/199601/03/2016,,Black or African American
1179,M,2,07/27/2015,11/11/2015,2,1.0,,07/27/201511/11/2015,,Black or African American
1180,M,2,03/07/2016,03/23/2016,1,1.0,,03/07/201603/23/2016,,Black or African American
1181,M,1,02/03/2014,03/20/2015,1,1.0,,02/03/201403/20/2015,,Black or African American
1182,M,2,02/08/2016,06/13/2016,1,1.0,,02/08/201606/13/2016,,Black or African American
1183,F,1,06/27/2016,08/26/2016,1,1.0,,06/27/201608/26/2016,,Black or African American
1184,M,2,05/16/2016,08/12/2016,1,1.0,,05/16/201608/12/2016,,Black or African American
1185,M,2,05/16/2016,08/12/2016,1,1.0,,05/16/201608/12/2016,,Black or African American
1186,F,2,04/19/2006,08/31/2016,1,4.0,,04/19/200608/31/2016,,Black or African American
1187,M,2,04/26/2010,10/30/2012,1,1.0,,04/26/201010/30/2012,,Black or African American
1188,F,1,07/25/2016,07/29/2016,1,1.0,,07/25/201607/29/2016,,Black or African American
1189,F,1,09/13/2016,10/21/2016,1,1.0,,09/13/201610/21/2016,,Black or African American
1190,M,2,09/08/2015,04/21/2016,1,1.0,,09/08/201504/21/2016,,Black or African American
1191,M,1,05/11/2016,08/26/2016,1,1.0,,05/11/201608/26/2016,,Black or African American
